ent_num,sdn_name,sdn_type,programs,remarks,title,call_sign,vessel_type,tonnage,gross_registered_tonnage,flag,vessel_owner
21115,MARSHAL ZHUKOV,vessel,UKRAINE-EO13685,-0- ,-0- ,-0- ,-0- ,-0- ,Russia,-0- ,"Secondary sanctions risk: Ukraine-/Russia-Related Sanctions Regulations, 31 CFR 589.201 and/or 589.209; Vessel Registration Identification IMO 9690224; Linked To: TRANS-FLOT JSC."
21118,STALINGRAD,vessel,UKRAINE-EO13685,-0- ,-0- ,-0- ,-0- ,-0- ,Russia,-0- ,"Secondary sanctions risk: Ukraine-/Russia-Related Sanctions Regulations, 31 CFR 589.201 and/or 589.209; Vessel Registration Identification IMO 9690212; Linked To: TRANS-FLOT JSC."
27147,YAZ,vessel,UKRAINE-EO13685,-0- ,-0- ,-0- ,-0- ,-0- ,Russia,-0- ,"Secondary sanctions risk: Ukraine-/Russia-Related Sanctions Regulations, 31 CFR 589.201 and/or 589.209; Vessel Registration Identification IMO 9735323; Linked To: TRANSPETROCHART CO LTD."
27148,SIG,vessel,UKRAINE-EO13685,-0- ,-0- ,-0- ,-0- ,-0- ,Russia,-0- ,"Secondary sanctions risk: Ukraine-/Russia-Related Sanctions Regulations, 31 CFR 589.201 and/or 589.209; Vessel Registration Identification IMO 9735335; Linked To: TRANSPETROCHART CO LTD."
27149,SUDAK,vessel,UKRAINE-EO13685,-0- ,-0- ,-0- ,-0- ,-0- ,Russia,-0- ,"Secondary sanctions risk: Ukraine-/Russia-Related Sanctions Regulations, 31 CFR 589.201 and/or 589.209; Vessel Registration Identification IMO 8943155; Linked To: TRANSPETROCHART CO LTD."
27151,PASSAT,vessel,UKRAINE-EO13685,-0- ,-0- ,-0- ,-0- ,-0- ,Russia,-0- ,"Secondary sanctions risk: Ukraine-/Russia-Related Sanctions Regulations, 31 CFR 589.201 and/or 589.209; Vessel Registration Identification IMO 8523242; Linked To: TRANSPETROCHART CO LTD."
27152,OT-2077,vessel,UKRAINE-EO13685,-0- ,-0- ,-0- ,-0- ,-0- ,Russia,-0- ,"Secondary sanctions risk: Ukraine-/Russia-Related Sanctions Regulations, 31 CFR 589.201 and/or 589.209; Vessel Registration Identification IMO 9025778; Linked To: TRANSPETROCHART CO LTD."
27200,ST. VITAMIN,vessel,UKRAINE-EO13661] [CYBER2] [ELECTION-EO13848,-0- ,-0- ,Pleasure Craft,-0- ,-0- ,St. Vincent and the Grenadines,Beratex Group Limited,"Secondary sanctions risk: Ukraine-/Russia-Related Sanctions Regulations, 31 CFR 589.201 and/or 589.209; MMSI 375311000; Linked To: BERATEX GROUP LIMITED."
34942,PEGAS,vessel,RUSSIA-EO14024,-0- ,-0- ,Crude Oil Tanker,-0- ,61991,Russia,-0- ,Secondary sanctions risk: See Section 11 of Executive Order 14024.; Vessel Registration Identification IMO 9256860 (Russia); f.k.a. 'PERUN'; Linked To: PSB LIZING OOO.
36276,SEA RHAPSODY,vessel,UKRAINE-EO13661,-0- ,V7VR9,Yacht,-0- ,1503,Marshall Islands,-0- ,"Secondary sanctions risk: Ukraine-/Russia-Related Sanctions Regulations, 31 CFR 589.201 and/or 589.209; Vessel Registration Identification IMO 1010648; MMSI 538071180; Linked To: KOSTIN, Andrey Leonidovich."
37454,MADAME GU,vessel,UKRAINE-EO13661] [RUSSIA-EO14024,-0- ,ZGCW7,Yacht,-0- ,2991,Cayman Islands,-0- ,"Secondary sanctions risk: Ukraine-/Russia-Related Sanctions Regulations, 31 CFR 589.201 and/or 589.209; alt. Secondary sanctions risk: See Section 11 of Executive Order 14024.; Vessel Registration Identification IMO 1011331; Linked To: SKOCH, Andrei Vladimirovich."
37479,SHELLEST,vessel,RUSSIA-EO14024,-0- ,UBAO8,Yacht,-0- ,-0- ,Russia,-0- ,Secondary sanctions risk: See Section 11 of Executive Order 14024.; Vessel Registration Identification RS 150443 (Russia); MMSI 273385420; Linked To: NON-PROFIT PARTNERSHIP REVIVAL OF MARITIME TRADITIONS.
37482,NEGA,vessel,RUSSIA-EO14024,-0- ,J8Y4483,Yacht,-0- ,-0- ,Russia,-0- ,Secondary sanctions risk: See Section 11 of Executive Order 14024.; Vessel Registration Identification RS 130280 (Russia); MMSI 273337970; Linked To: LIMITED LIABILITY CORPORATION GELIOS.
46957,ANATOLY KOLODKIN,vessel,RUSSIA-EO14024,-0- ,3E7525,Crude Oil Tanker,-0- ,-0- ,Panama,-0- ,Secondary sanctions risk: See Section 11 of Executive Order 14024.; Vessel Registration Identification IMO 9610808; MMSI 352003372; Linked To: JOINT STOCK COMPANY SOVCOMFLOT.
46972,NS ANTARCTIC,vessel,RUSSIA-EO14024,-0- ,TRBF3,Crude Oil Tanker,-0- ,-0- ,Gabon,-0- ,Secondary sanctions risk: See Section 11 of Executive Order 14024.; Vessel Registration Identification IMO 9413559; MMSI 626372000; Linked To: JOINT STOCK COMPANY SOVCOMFLOT.
46976,NS LION,vessel,RUSSIA-EO14024,-0- ,TRBH8,Crude Oil Tanker,-0- ,-0- ,Gabon,-0- ,Secondary sanctions risk: See Section 11 of Executive Order 14024.; Vessel Registration Identification IMO 9339313; MMSI 626393000; Linked To: JOINT STOCK COMPANY SOVCOMFLOT.
46991,GEORGY MASLOV,vessel,RUSSIA-EO14024,-0- ,TRBD9,Crude Oil Tanker,-0- ,-0- ,Gabon,-0- ,Secondary sanctions risk: See Section 11 of Executive Order 14024.; Vessel Registration Identification IMO 9610793; MMSI 626362000; Linked To: JOINT STOCK COMPANY SOVCOMFLOT.
47003,NS CONSUL,vessel,RUSSIA-EO14024,-0- ,TRBH3,Crude Oil Tanker,-0- ,-0- ,Gabon,-0- ,Secondary sanctions risk: See Section 11 of Executive Order 14024.; Vessel Registration Identification IMO 9341093; MMSI 626388000; Linked To: JOINT STOCK COMPANY SOVCOMFLOT.
47006,NS BURGAS,vessel,RUSSIA-EO14024,-0- ,TRBF9,Crude Oil Tanker,-0- ,-0- ,Gabon,-0- ,Secondary sanctions risk: See Section 11 of Executive Order 14024.; Vessel Registration Identification IMO 9411020; MMSI 626378000; Linked To: JOINT STOCK COMPANY SOVCOMFLOT.
47007,NS CAPTAIN,vessel,RUSSIA-EO14024,-0- ,TRBG2,Crude Oil Tanker,-0- ,-0- ,Gabon,-0- ,Secondary sanctions risk: See Section 11 of Executive Order 14024.; Vessel Registration Identification IMO 9341067; MMSI 626379000; Linked To: JOINT STOCK COMPANY SOVCOMFLOT.
47009,NS COLUMBUS,vessel,RUSSIA-EO14024,-0- ,TRBG5,Crude Oil Tanker,-0- ,-0- ,Gabon,-0- ,Secondary sanctions risk: See Section 11 of Executive Order 14024.; Vessel Registration Identification IMO 9312884; MMSI 626382000; Linked To: JOINT STOCK COMPANY SOVCOMFLOT.
47015,SAKHALIN ISLAND,vessel,RUSSIA-EO14024,-0- ,3E4139,Crude Oil Tanker,-0- ,-0- ,Panama,-0- ,Secondary sanctions risk: See Section 11 of Executive Order 14024.; Vessel Registration Identification IMO 9249128; MMSI 352002202; Linked To: JOINT STOCK COMPANY SOVCOMFLOT.
47022,NEVSKIY PROSPECT,vessel,RUSSIA-EO14024,-0- ,TRBE8,Crude Oil Tanker,-0- ,-0- ,Gabon,-0- ,Secondary sanctions risk: See Section 11 of Executive Order 14024.; Vessel Registration Identification IMO 9256054; MMSI 626369000; Linked To: JOINT STOCK COMPANY SOVCOMFLOT.
47034,LITEYNY PROSPECT,vessel,RUSSIA-EO14024,-0- ,TRBE6,Crude Oil Tanker,-0- ,-0- ,Gabon,-0- ,Secondary sanctions risk: See Section 11 of Executive Order 14024.; Vessel Registration Identification IMO 9256078; MMSI 626367000; Linked To: JOINT STOCK COMPANY SOVCOMFLOT.
47037,KRYMSK,vessel,RUSSIA-EO14024,-0- ,TRBE3,Crude Oil Tanker,-0- ,-0- ,Gabon,-0- ,Secondary sanctions risk: See Section 11 of Executive Order 14024.; Vessel Registration Identification IMO 9270529; MMSI 626364000; Linked To: JOINT STOCK COMPANY SOVCOMFLOT.
47046,NS CREATION,vessel,RUSSIA-EO14024,-0- ,TRBH5,Crude Oil Tanker,-0- ,-0- ,Gabon,-0- ,Secondary sanctions risk: See Section 11 of Executive Order 14024.; Vessel Registration Identification IMO 9312896; MMSI 626390000; Linked To: JOINT STOCK COMPANY SOVCOMFLOT.
47053,NS BRAVO,vessel,RUSSIA-EO14024,-0- ,TRBF8,Crude Oil Tanker,-0- ,-0- ,Gabon,-0- ,Secondary sanctions risk: See Section 11 of Executive Order 14024.; Vessel Registration Identification IMO 9412359; MMSI 626377000; Linked To: JOINT STOCK COMPANY SOVCOMFLOT.
48816,ARCTICA 1,vessel,RUSSIA-EO14024,-0- ,UBDO8,General Cargo,-0- ,-0- ,Russia,-0- ,Secondary sanctions risk: See Section 11 of Executive Order 14024.; Vessel Registration Identification IMO 9228980 (Russia); Linked To: TRANSSTROY LIMITED LIABILITY COMPANY.
49313,SERGEI WITTE,vessel,RUSSIA-EO14024,-0- ,-0- ,LNG Carrier,-0- ,-0- ,Russia,-0- ,Secondary sanctions risk: See Section 11 of Executive Order 14024.; Vessel Registration Identification IMO 9904687; Linked To: JOINT STOCK COMPANY SOVCOMFLOT.
49321,ALEXEY KOSYGIN,vessel,RUSSIA-EO14024,-0- ,-0- ,LNG Carrier,-0- ,-0- ,Russia,-0- ,Secondary sanctions risk: See Section 11 of Executive Order 14024.; Vessel Registration Identification IMO 9904546; Linked To: JOINT STOCK COMPANY SOVCOMFLOT.
49322,PYOTR STOLYPIN,vessel,RUSSIA-EO14024,-0- ,-0- ,LNG Carrier,-0- ,-0- ,Russia,-0- ,Secondary sanctions risk: See Section 11 of Executive Order 14024.; Vessel Registration Identification IMO 9904675; Linked To: JOINT STOCK COMPANY SOVCOMFLOT.
49323,ZVEZDA 044,vessel,RUSSIA-EO14024,-0- ,-0- ,LNG Carrier,-0- ,-0- ,Russia,-0- ,Secondary sanctions risk: See Section 11 of Executive Order 14024.; Vessel Registration Identification IMO 9904699; Linked To: JOINT STOCK COMPANY SOVCOMFLOT.
51384,MIN HANG,vessel,UKRAINE-EO13662] [IRAN-EO13902] [RUSSIA-EO14024,-0- ,E5U5075,Crude Oil Tanker,-0- ,-0- ,Cook Islands,-0- ,"Secondary sanctions risk: See Section 11 of Executive Order 14024.; alt. Secondary sanctions risk: Ukraine-/Russia-Related Sanctions Regulations, 31 CFR 589.201 and/or 589.209; Vessel Registration Identification IMO 9257137; MMSI 518999094; Linked To: SHANGHAI LEGENDARY SHIP MANAGEMENT COMPANY LIMITED; Linked To: AMBRA LIMITED."
51385,VESNA,vessel,UKRAINE-EO13662] [IRAN-EO13902] [RUSSIA-EO14024,-0- ,V3MD7,Crude Oil Tanker,-0- ,-0- ,Belize,-0- ,"Secondary sanctions risk: See Section 11 of Executive Order 14024.; alt. Secondary sanctions risk: Ukraine-/Russia-Related Sanctions Regulations, 31 CFR 589.201 and/or 589.209; Vessel Registration Identification IMO 9233349; MMSI 312242000; Linked To: SHANGHAI LEGENDARY SHIP MANAGEMENT COMPANY LIMITED; Linked To: DANIKA ROBERT LIMITED."
51387,MEROPE,vessel,UKRAINE-EO13662] [IRAN-EO13902] [RUSSIA-EO14024,-0- ,3E2648,Crude Oil Tanker,-0- ,-0- ,Panama,-0- ,"Secondary sanctions risk: See Section 11 of Executive Order 14024.; alt. Secondary sanctions risk: Ukraine-/Russia-Related Sanctions Regulations, 31 CFR 589.201 and/or 589.209; Vessel Registration Identification IMO 9281891; MMSI 352002495; Linked To: SHANGHAI FUTURE SHIP MANAGEMENT CO LTD; Linked To: LEPUS SAI LIMITED."
51479,CAPTAIN KOSTICHEV,vessel,UKRAINE-EO13662] [RUSSIA-EO14024,-0- ,3E4142,Crude Oil Tanker,-0- ,-0- ,Panama,-0- ,"Secondary sanctions risk: See Section 11 of Executive Order 14024.; alt. Secondary sanctions risk: Ukraine-/Russia-Related Sanctions Regulations, 31 CFR 589.201 and/or 589.209; Vessel Registration Identification IMO 9301392; MMSI 352002205; Linked To: JOINT STOCK COMPANY SOVCOMFLOT."
51480,KAPITAN GOTSKY,vessel,UKRAINE-EO13662] [RUSSIA-EO14024,-0- ,UBCF2,Shuttle Tanker,-0- ,-0- ,Russia,-0- ,"Secondary sanctions risk: See Section 11 of Executive Order 14024.; alt. Secondary sanctions risk: Ukraine-/Russia-Related Sanctions Regulations, 31 CFR 589.201 and/or 589.209; Vessel Registration Identification IMO 9372559; MMSI 273335010; Linked To: JOINT STOCK COMPANY SOVCOMFLOT."
51481,KIRILL LAVROV,vessel,UKRAINE-EO13662] [RUSSIA-EO14024,-0- ,UBOL9,Crude Oil Tanker,-0- ,-0- ,Russia,-0- ,"Secondary sanctions risk: See Section 11 of Executive Order 14024.; alt. Secondary sanctions risk: Ukraine-/Russia-Related Sanctions Regulations, 31 CFR 589.201 and/or 589.209; Vessel Registration Identification IMO 9333682; MMSI 273345750; Linked To: JOINT STOCK COMPANY SOVCOMFLOT."
51482,MIKHAIL LAZAREV,vessel,UKRAINE-EO13662] [RUSSIA-EO14024,-0- ,UBZS8,Shuttle Tanker,-0- ,-0- ,Russia,-0- ,"Secondary sanctions risk: See Section 11 of Executive Order 14024.; alt. Secondary sanctions risk: Ukraine-/Russia-Related Sanctions Regulations, 31 CFR 589.201 and/or 589.209; Vessel Registration Identification IMO 9837547; MMSI 273212310; Linked To: JOINT STOCK COMPANY SOVCOMFLOT."
51483,MIKHAIL ULYANOV,vessel,UKRAINE-EO13662] [RUSSIA-EO14024,-0- ,UBAL3,Crude Oil Tanker,-0- ,-0- ,Russia,-0- ,"Secondary sanctions risk: See Section 11 of Executive Order 14024.; alt. Secondary sanctions risk: Ukraine-/Russia-Related Sanctions Regulations, 31 CFR 589.201 and/or 589.209; Vessel Registration Identification IMO 9333670; MMSI 273328440; Linked To: JOINT STOCK COMPANY SOVCOMFLOT."
51484,NIKOLAY ZADORNOV,vessel,UKRAINE-EO13662] [RUSSIA-EO14024,-0- ,3E3485,Crude Oil Tanker,-0- ,-0- ,Panama,-0- ,"Secondary sanctions risk: See Section 11 of Executive Order 14024.; alt. Secondary sanctions risk: Ukraine-/Russia-Related Sanctions Regulations, 31 CFR 589.201 and/or 589.209; Vessel Registration Identification IMO 9901037; MMSI 352002208; Linked To: JOINT STOCK COMPANY SOVCOMFLOT."
51485,OKEANSKY PROSPECT,vessel,UKRAINE-EO13662] [RUSSIA-EO14024,-0- ,UBFV,Crude Oil Tanker,-0- ,-0- ,Russia,-0- ,"Secondary sanctions risk: See Section 11 of Executive Order 14024.; alt. Secondary sanctions risk: Ukraine-/Russia-Related Sanctions Regulations, 31 CFR 589.201 and/or 589.209; Vessel Registration Identification IMO 9866380; MMSI 273618730; Linked To: JOINT STOCK COMPANY SOVCOMFLOT."
51486,PATHFINDER,vessel,UKRAINE-EO13662] [RUSSIA-EO14024,-0- ,8P2482,Crude Oil Tanker,-0- ,-0- ,Barbados,-0- ,"Secondary sanctions risk: See Section 11 of Executive Order 14024.; alt. Secondary sanctions risk: Ukraine-/Russia-Related Sanctions Regulations, 31 CFR 589.201 and/or 589.209; Vessel Registration Identification IMO 9577094; MMSI 314976000; Linked To: JOINT STOCK COMPANY SOVCOMFLOT."
51487,PAVEL CHERNYSH,vessel,UKRAINE-EO13662] [RUSSIA-EO14024,-0- ,3E4132,Crude Oil Tanker,-0- ,-0- ,Panama,-0- ,"Secondary sanctions risk: See Section 11 of Executive Order 14024.; alt. Secondary sanctions risk: Ukraine-/Russia-Related Sanctions Regulations, 31 CFR 589.201 and/or 589.209; Vessel Registration Identification IMO 9301380; MMSI 352002195; Linked To: JOINT STOCK COMPANY SOVCOMFLOT."
51488,SIRIUS,vessel,UKRAINE-EO13662] [RUSSIA-EO14024,-0- ,8P2496,Crude Oil Tanker,-0- ,-0- ,Barbados,-0- ,"Secondary sanctions risk: See Section 11 of Executive Order 14024.; alt. Secondary sanctions risk: Ukraine-/Russia-Related Sanctions Regulations, 31 CFR 589.201 and/or 589.209; Vessel Registration Identification IMO 9422445; MMSI 314988000; Linked To: JOINT STOCK COMPANY SOVCOMFLOT."
51489,SHTURMAN ALBANOV,vessel,UKRAINE-EO13662] [RUSSIA-EO14024,-0- ,UBXO2,Crude Oil Tanker,-0- ,-0- ,Russia,-0- ,"Secondary sanctions risk: See Section 11 of Executive Order 14024.; alt. Secondary sanctions risk: Ukraine-/Russia-Related Sanctions Regulations, 31 CFR 589.201 and/or 589.209; Vessel Registration Identification IMO 9752084; MMSI 273397870; Linked To: JOINT STOCK COMPANY SOVCOMFLOT."
51490,SHTURMAN OVTSYN,vessel,UKRAINE-EO13662] [RUSSIA-EO14024,-0- ,UBEP3,Crude Oil Tanker,-0- ,-0- ,Russia,-0- ,"Secondary sanctions risk: See Section 11 of Executive Order 14024.; alt. Secondary sanctions risk: Ukraine-/Russia-Related Sanctions Regulations, 31 CFR 589.201 and/or 589.209; Vessel Registration Identification IMO 9752101; MMSI 273391790; Linked To: JOINT STOCK COMPANY SOVCOMFLOT."
51491,SHTURMAN MALYGIN,vessel,UKRAINE-EO13662] [RUSSIA-EO14024,-0- ,UHBP,Crude Oil Tanker,-0- ,-0- ,Russia,-0- ,"Secondary sanctions risk: See Section 11 of Executive Order 14024.; alt. Secondary sanctions risk: Ukraine-/Russia-Related Sanctions Regulations, 31 CFR 589.201 and/or 589.209; Vessel Registration Identification IMO 9752096; MMSI 273398780; Linked To: JOINT STOCK COMPANY SOVCOMFLOT."
51492,TIMOFEY GUZHENKO,vessel,UKRAINE-EO13662] [RUSSIA-EO14024,-0- ,UBQF5,Crude Oil Tanker,-0- ,-0- ,Russia,-0- ,"Secondary sanctions risk: See Section 11 of Executive Order 14024.; alt. Secondary sanctions risk: Ukraine-/Russia-Related Sanctions Regulations, 31 CFR 589.201 and/or 589.209; Vessel Registration Identification IMO 9372561; MMSI 273330620; Linked To: JOINT STOCK COMPANY SOVCOMFLOT."
51493,VASILY DINKOV,vessel,UKRAINE-EO13662] [RUSSIA-EO14024,-0- ,UEVN,Crude Oil Tanker,-0- ,-0- ,Russia,-0- ,"Secondary sanctions risk: See Section 11 of Executive Order 14024.; alt. Secondary sanctions risk: Ukraine-/Russia-Related Sanctions Regulations, 31 CFR 589.201 and/or 589.209; Vessel Registration Identification IMO 9372547; MMSI 273345020; Linked To: JOINT STOCK COMPANY SOVCOMFLOT."
51494,VICTOR KONETSKY,vessel,UKRAINE-EO13662] [RUSSIA-EO14024,-0- ,3E4134,Shuttle Tanker,-0- ,-0- ,Panama,-0- ,"Secondary sanctions risk: See Section 11 of Executive Order 14024.; alt. Secondary sanctions risk: Ukraine-/Russia-Related Sanctions Regulations, 31 CFR 589.201 and/or 589.209; Vessel Registration Identification IMO 9301421; MMSI 352002197; Linked To: JOINT STOCK COMPANY SOVCOMFLOT."
51495,VIKTOR TITOV,vessel,UKRAINE-EO13662] [RUSSIA-EO14024,-0- ,3E4141,Crude Oil Tanker,-0- ,-0- ,Panama,-0- ,"Secondary sanctions risk: See Section 11 of Executive Order 14024.; alt. Secondary sanctions risk: Ukraine-/Russia-Related Sanctions Regulations, 31 CFR 589.201 and/or 589.209; Vessel Registration Identification IMO 9301407; MMSI 352002204; Linked To: JOINT STOCK COMPANY SOVCOMFLOT."
51496,ZALIV AMERIKA,vessel,UKRAINE-EO13662] [RUSSIA-EO14024,-0- ,3E7520,Crude Oil Tanker,-0- ,-0- ,Panama,-0- ,"Secondary sanctions risk: See Section 11 of Executive Order 14024.; alt. Secondary sanctions risk: Ukraine-/Russia-Related Sanctions Regulations, 31 CFR 589.201 and/or 589.209; Vessel Registration Identification IMO 9354301; MMSI 352003366; Linked To: JOINT STOCK COMPANY SOVCOMFLOT."
51497,ZALIV BAIKAL,vessel,UKRAINE-EO13662] [RUSSIA-EO14024,-0- ,3E4131,Shuttle Tanker,-0- ,-0- ,Panama,-0- ,"Secondary sanctions risk: See Section 11 of Executive Order 14024.; alt. Secondary sanctions risk: Ukraine-/Russia-Related Sanctions Regulations, 31 CFR 589.201 and/or 589.209; Vessel Registration Identification IMO 9360128; MMSI 352002194; Linked To: JOINT STOCK COMPANY SOVCOMFLOT."
51498,ZALIV VOSTOK,vessel,UKRAINE-EO13662] [RUSSIA-EO14024,-0- ,3E4133,Crude Oil Tanker,-0- ,-0- ,Panama,-0- ,"Secondary sanctions risk: See Section 11 of Executive Order 14024.; alt. Secondary sanctions risk: Ukraine-/Russia-Related Sanctions Regulations, 31 CFR 589.201 and/or 589.209; Vessel Registration Identification IMO 9360130; MMSI 352002196; Linked To: JOINT STOCK COMPANY SOVCOMFLOT."
51500,BORAY,vessel,UKRAINE-EO13662] [RUSSIA-EO14024,-0- ,UBGX6,Chemical/Oil Tanker,-0- ,-0- ,Russia,-0- ,"Secondary sanctions risk: See Section 11 of Executive Order 14024.; alt. Secondary sanctions risk: Ukraine-/Russia-Related Sanctions Regulations, 31 CFR 589.201 and/or 589.209; Vessel Registration Identification IMO 9198783; MMSI 273610900; Linked To: SUNOR ILLC."
51501,SANAR 7,vessel,UKRAINE-EO13662] [RUSSIA-EO14024,-0- ,UBFX5,Crude Oil Tanker,-0- ,-0- ,Russia,-0- ,"Secondary sanctions risk: See Section 11 of Executive Order 14024.; alt. Secondary sanctions risk: Ukraine-/Russia-Related Sanctions Regulations, 31 CFR 589.201 and/or 589.209; Vessel Registration Identification IMO 9211999; MMSI 273615700; Linked To: SUNOR ILLC."
51502,SANAR 8,vessel,UKRAINE-EO13662] [RUSSIA-EO14024,-0- ,UBFX8,Crude Oil Tanker,-0- ,-0- ,Russia,-0- ,"Secondary sanctions risk: See Section 11 of Executive Order 14024.; alt. Secondary sanctions risk: Ukraine-/Russia-Related Sanctions Regulations, 31 CFR 589.201 and/or 589.209; Vessel Registration Identification IMO 9212008; MMSI 273619700; Linked To: SUNOR ILLC."
51504,DIGNITY,vessel,UKRAINE-EO13662] [RUSSIA-EO14024,-0- ,UBIZ6,Crude Oil Tanker,-0- ,-0- ,Russia,-0- ,"Secondary sanctions risk: See Section 11 of Executive Order 14024.; alt. Secondary sanctions risk: Ukraine-/Russia-Related Sanctions Regulations, 31 CFR 589.201 and/or 589.209; Vessel Registration Identification IMO 9283241; MMSI 273253500; Linked To: ARGO TANKER GROUP LLC."
51525,UMBA,vessel,UKRAINE-EO13662] [RUSSIA-EO14024,-0- ,UEIW,Floating Storage Tanker,-0- ,-0- ,Russia,-0- ,"Secondary sanctions risk: See Section 11 of Executive Order 14024.; alt. Secondary sanctions risk: Ukraine-/Russia-Related Sanctions Regulations, 31 CFR 589.201 and/or 589.209; Vessel Registration Identification IMO 9196620; MMSI 273387920; Linked To: RPK NORD LIMITED LIABILITY COMPANY."
51528,BUK,vessel,UKRAINE-EO13662] [RUSSIA-EO14024,-0- ,UBOE3,Tug,-0- ,-0- ,Russia,-0- ,"Secondary sanctions risk: See Section 11 of Executive Order 14024.; alt. Secondary sanctions risk: Ukraine-/Russia-Related Sanctions Regulations, 31 CFR 589.201 and/or 589.209; Vessel Registration Identification IMO 9201994; MMSI 273318480; Linked To: RPK NORD LIMITED LIABILITY COMPANY."
51530,VYAZ,vessel,UKRAINE-EO13662] [RUSSIA-EO14024,-0- ,UBXQ5,Tug,-0- ,-0- ,Russia,-0- ,"Secondary sanctions risk: See Section 11 of Executive Order 14024.; alt. Secondary sanctions risk: Ukraine-/Russia-Related Sanctions Regulations, 31 CFR 589.201 and/or 589.209; Vessel Registration Identification IMO 9804057; MMSI 273418480; Linked To: RPK NORD LIMITED LIABILITY COMPANY."
51532,TIS,vessel,UKRAINE-EO13662] [RUSSIA-EO14024,-0- ,UBXP4,Tug,-0- ,-0- ,Russia,-0- ,"Secondary sanctions risk: See Section 11 of Executive Order 14024.; alt. Secondary sanctions risk: Ukraine-/Russia-Related Sanctions Regulations, 31 CFR 589.201 and/or 589.209; Vessel Registration Identification IMO 9817779; MMSI 273396740; Linked To: RPK NORD LIMITED LIABILITY COMPANY."
51534,KOLA,vessel,UKRAINE-EO13662] [RUSSIA-EO14024,-0- ,UBDQ5,Floating Storage Tanker,-0- ,-0- ,Russia,-0- ,"Secondary sanctions risk: See Section 11 of Executive Order 14024.; alt. Secondary sanctions risk: Ukraine-/Russia-Related Sanctions Regulations, 31 CFR 589.201 and/or 589.209; Vessel Registration Identification IMO 9217979; MMSI 273414140; Linked To: LK VOLGA LIMITED LIABILITY COMPANY."
51548,PANDA,vessel,UKRAINE-EO13662] [IRAN-EO13846] [RUSSIA-EO14024,-0- ,XVJG7,Crude Oil Tanker,-0- ,-0- ,Guyana,-0- ,"Former Vessel Flag Vietnam; Secondary sanctions risk: See Section 11 of Executive Order 14024.; alt. Secondary sanctions risk: Ukraine-/Russia-Related Sanctions Regulations, 31 CFR 589.201 and/or 589.209; Vessel Year of Build 2004; Vessel Registration Identification IMO 9284582; MMSI 574005540; Linked To: SAO VIET PETROL TRANSPORTATION COMPANY LIMITED."
51549,IVY,vessel,UKRAINE-EO13662] [IRAN-EO13846] [RUSSIA-EO14024,-0- ,XVJI7,Crude Oil Tanker,-0- ,-0- ,Vietnam,-0- ,"Secondary sanctions risk: See Section 11 of Executive Order 14024.; alt. Secondary sanctions risk: Ukraine-/Russia-Related Sanctions Regulations, 31 CFR 589.201 and/or 589.209; Vessel Year of Build 2007; Vessel Registration Identification IMO 9337133; MMSI 574005380; Linked To: SAO VIET PETROL TRANSPORTATION COMPANY LIMITED."
51550,LEOPARD,vessel,UKRAINE-EO13662] [RUSSIA-EO14024,-0- ,XVKF7,Crude Oil Tanker,-0- ,-0- ,Vietnam,-0- ,"Secondary sanctions risk: See Section 11 of Executive Order 14024.; alt. Secondary sanctions risk: Ukraine-/Russia-Related Sanctions Regulations, 31 CFR 589.201 and/or 589.209; Vessel Registration Identification IMO 9284594; MMSI 574005550; Linked To: SAO VIET PETROL TRANSPORTATION COMPANY LIMITED."
51551,ASTRA,vessel,UKRAINE-EO13662] [RUSSIA-EO14024,-0- ,XVJT7,Chemical/Oil Tanker,-0- ,-0- ,Vietnam,-0- ,"Secondary sanctions risk: See Section 11 of Executive Order 14024.; alt. Secondary sanctions risk: Ukraine-/Russia-Related Sanctions Regulations, 31 CFR 589.201 and/or 589.209; Vessel Registration Identification IMO 9273387; MMSI 574005470; Linked To: SAO VIET PETROL TRANSPORTATION COMPANY LIMITED."
51553,OWENS,vessel,UKRAINE-EO13662] [RUSSIA-EO14024,-0- ,H3XW,LPG Tanker,-0- ,-0- ,Panama,-0- ,"Secondary sanctions risk: See Section 11 of Executive Order 14024.; alt. Secondary sanctions risk: Ukraine-/Russia-Related Sanctions Regulations, 31 CFR 589.201 and/or 589.209; Vessel Registration Identification IMO 9223540; MMSI 373482000; Linked To: SAO VIET PETROL TRANSPORTATION COMPANY LIMITED."
51555,ALEXANDER BEGGROV,vessel,UKRAINE-EO13662] [RUSSIA-EO14024,-0- ,-0- ,Products Tanker,-0- ,-0- ,Russia,-0- ,"Secondary sanctions risk: See Section 11 of Executive Order 14024.; alt. Secondary sanctions risk: Ukraine-/Russia-Related Sanctions Regulations, 31 CFR 589.201 and/or 589.209; Vessel Registration Identification IMO 9876373; Linked To: JOINT STOCK COMPANY SOVCOMFLOT."
51564,ALEXEY BOGOLYUBOV,vessel,UKRAINE-EO13662] [RUSSIA-EO14024,-0- ,-0- ,Products Tanker,-0- ,-0- ,Russia,-0- ,"Secondary sanctions risk: See Section 11 of Executive Order 14024.; alt. Secondary sanctions risk: Ukraine-/Russia-Related Sanctions Regulations, 31 CFR 589.201 and/or 589.209; Vessel Registration Identification IMO 9876361; Linked To: JOINT STOCK COMPANY SOVCOMFLOT."
51565,ARIADNE,vessel,UKRAINE-EO13662] [RUSSIA-EO14024,-0- ,8P2446,Chemical/Oil Tanker,-0- ,-0- ,Barbados,-0- ,"Secondary sanctions risk: See Section 11 of Executive Order 14024.; alt. Secondary sanctions risk: Ukraine-/Russia-Related Sanctions Regulations, 31 CFR 589.201 and/or 589.209; Vessel Year of Build 2008; Vessel Registration Identification IMO 9397547; MMSI 314948000; Linked To: JOINT STOCK COMPANY SOVCOMFLOT."
51566,DIAMOND,vessel,UKRAINE-EO13662] [RUSSIA-EO14024,-0- ,8P2444,Chemical/Oil Tanker,-0- ,-0- ,Barbados,-0- ,"Secondary sanctions risk: See Section 11 of Executive Order 14024.; alt. Secondary sanctions risk: Ukraine-/Russia-Related Sanctions Regulations, 31 CFR 589.201 and/or 589.209; Vessel Year of Build 2009; Vessel Registration Identification IMO 9385142; MMSI 314946000; Linked To: JOINT STOCK COMPANY SOVCOMFLOT."
51568,IVAN AIVAZOVSKY,vessel,UKRAINE-EO13662] [RUSSIA-EO14024,-0- ,-0- ,Products Tanker,-0- ,-0- ,Russia,-0- ,"Secondary sanctions risk: See Section 11 of Executive Order 14024.; alt. Secondary sanctions risk: Ukraine-/Russia-Related Sanctions Regulations, 31 CFR 589.201 and/or 589.209; Vessel Registration Identification IMO 9876359; Linked To: JOINT STOCK COMPANY SOVCOMFLOT."
51569,JUPITER,vessel,UKRAINE-EO13662] [RUSSIA-EO14024,-0- ,8P2425,Chemical/Oil Tanker,-0- ,-0- ,Barbados,-0- ,"Secondary sanctions risk: See Section 11 of Executive Order 14024.; alt. Secondary sanctions risk: Ukraine-/Russia-Related Sanctions Regulations, 31 CFR 589.201 and/or 589.209; Vessel Year of Build 2009; Vessel Registration Identification IMO 9397535; MMSI 314931000; Linked To: JOINT STOCK COMPANY SOVCOMFLOT."
51571,NS PRIDE,vessel,UKRAINE-EO13662] [RUSSIA-EO14024,-0- ,TRBI6,Chemical/Oil Tanker,-0- ,-0- ,Gabon,-0- ,"Secondary sanctions risk: See Section 11 of Executive Order 14024.; alt. Secondary sanctions risk: Ukraine-/Russia-Related Sanctions Regulations, 31 CFR 589.201 and/or 589.209; Vessel Year of Build 2006; Vessel Registration Identification IMO 9322956; MMSI 626399000; Linked To: JOINT STOCK COMPANY SOVCOMFLOT."
51573,NS SILVER,vessel,UKRAINE-EO13662] [RUSSIA-EO14024,-0- ,3E7521,Chemical/Oil Tanker,-0- ,-0- ,Panama,-0- ,"Secondary sanctions risk: See Section 11 of Executive Order 14024.; alt. Secondary sanctions risk: Ukraine-/Russia-Related Sanctions Regulations, 31 CFR 589.201 and/or 589.209; Vessel Year of Build 2005; Vessel Registration Identification IMO 9309576; MMSI 352003367; Linked To: JOINT STOCK COMPANY SOVCOMFLOT."
51574,PREMIER,vessel,UKRAINE-EO13662] [RUSSIA-EO14024,-0- ,8P2443,Products Tanker,-0- ,-0- ,Barbados,-0- ,"Secondary sanctions risk: See Section 11 of Executive Order 14024.; alt. Secondary sanctions risk: Ukraine-/Russia-Related Sanctions Regulations, 31 CFR 589.201 and/or 589.209; Vessel Year of Build 2011; Vessel Registration Identification IMO 9577082; MMSI 314945000; Linked To: JOINT STOCK COMPANY SOVCOMFLOT."
51575,ARIA,vessel,UKRAINE-EO13662] [RUSSIA-EO14024,-0- ,8P2495,Chemical/Oil Tanker,-0- ,-0- ,Barbados,-0- ,"Secondary sanctions risk: See Section 11 of Executive Order 14024.; alt. Secondary sanctions risk: Ukraine-/Russia-Related Sanctions Regulations, 31 CFR 589.201 and/or 589.209; Vessel Year of Build 2009; Vessel Registration Identification IMO 9397559; MMSI 314987000; Linked To: JOINT STOCK COMPANY SOVCOMFLOT."
51578,TANGO,vessel,UKRAINE-EO13662] [RUSSIA-EO14024,-0- ,8P2442,Products Tanker,-0- ,-0- ,Barbados,-0- ,"Secondary sanctions risk: See Section 11 of Executive Order 14024.; alt. Secondary sanctions risk: Ukraine-/Russia-Related Sanctions Regulations, 31 CFR 589.201 and/or 589.209; Vessel Year of Build 2006; Vessel Registration Identification IMO 9292058; MMSI 314944000; Linked To: JOINT STOCK COMPANY SOVCOMFLOT."
51580,FJORD SEAL,vessel,UKRAINE-EO13662] [RUSSIA-EO14024,-0- ,3E3737,Crude Oil Tanker,-0- ,-0- ,Panama,-0- ,"Secondary sanctions risk: See Section 11 of Executive Order 14024.; alt. Secondary sanctions risk: Ukraine-/Russia-Related Sanctions Regulations, 31 CFR 589.201 and/or 589.209; Vessel Registration Identification IMO 9513139; MMSI 352001925; Linked To: PROMINENT SHIPMANAGEMENT LIMITED."
51581,TALISMAN,vessel,UKRAINE-EO13662] [RUSSIA-EO14024,-0- ,8P2456,Products Tanker,-0- ,-0- ,Barbados,-0- ,"Secondary sanctions risk: See Section 11 of Executive Order 14024.; alt. Secondary sanctions risk: Ukraine-/Russia-Related Sanctions Regulations, 31 CFR 589.201 and/or 589.209; Vessel Year of Build 2006; Vessel Registration Identification IMO 9292060; MMSI 314956000; Linked To: JOINT STOCK COMPANY SOVCOMFLOT."
51582,CORUM,vessel,UKRAINE-EO13662] [RUSSIA-EO14024,-0- ,3E2362,Products Tanker,-0- ,-0- ,Panama,-0- ,"Secondary sanctions risk: See Section 11 of Executive Order 14024.; alt. Secondary sanctions risk: Ukraine-/Russia-Related Sanctions Regulations, 31 CFR 589.201 and/or 589.209; Vessel Registration Identification IMO 9544281; MMSI 352002588; Linked To: PROMINENT SHIPMANAGEMENT LIMITED."
51583,TOPAZ,vessel,UKRAINE-EO13662] [RUSSIA-EO14024,-0- ,8P2459,Products Tanker,-0- ,-0- ,Barbados,-0- ,"Secondary sanctions risk: See Section 11 of Executive Order 14024.; alt. Secondary sanctions risk: Ukraine-/Russia-Related Sanctions Regulations, 31 CFR 589.201 and/or 589.209; Vessel Year of Build 2004; Vessel Registration Identification IMO 9292034; MMSI 314959000; Linked To: JOINT STOCK COMPANY SOVCOMFLOT."
51584,SALTY WOLF,vessel,UKRAINE-EO13662] [RUSSIA-EO14024,-0- ,3E3497,Crude Oil Tanker,-0- ,-0- ,Panama,-0- ,"Secondary sanctions risk: See Section 11 of Executive Order 14024.; alt. Secondary sanctions risk: Ukraine-/Russia-Related Sanctions Regulations, 31 CFR 589.201 and/or 589.209; Vessel Registration Identification IMO 9530917; MMSI 352002280; Linked To: PROMINENT SHIPMANAGEMENT LIMITED."
51586,SAKARYA,vessel,UKRAINE-EO13662] [RUSSIA-EO14024,-0- ,3E3835,Crude Oil Tanker,-0- ,-0- ,Panama,-0- ,"Secondary sanctions risk: See Section 11 of Executive Order 14024.; alt. Secondary sanctions risk: Ukraine-/Russia-Related Sanctions Regulations, 31 CFR 589.201 and/or 589.209; Vessel Registration Identification IMO 9524463; MMSI 352002168; Linked To: PROMINENT SHIPMANAGEMENT LIMITED."
51587,TRUST,vessel,UKRAINE-EO13662] [RUSSIA-EO14024,-0- ,8P2453,Products Tanker,-0- ,-0- ,Barbados,-0- ,"Secondary sanctions risk: See Section 11 of Executive Order 14024.; alt. Secondary sanctions risk: Ukraine-/Russia-Related Sanctions Regulations, 31 CFR 589.201 and/or 589.209; Vessel Year of Build 2008; Vessel Registration Identification IMO 9382798; MMSI 314953000; Linked To: JOINT STOCK COMPANY SOVCOMFLOT."
51588,SABLE,vessel,UKRAINE-EO13662] [RUSSIA-EO14024,-0- ,3E4117,Crude Oil Tanker,-0- ,-0- ,Panama,-0- ,"Secondary sanctions risk: See Section 11 of Executive Order 14024.; alt. Secondary sanctions risk: Ukraine-/Russia-Related Sanctions Regulations, 31 CFR 589.201 and/or 589.209; Vessel Registration Identification IMO 9524451; MMSI 352002179; Linked To: PROMINENT SHIPMANAGEMENT LIMITED."
51589,TRIUMPH,vessel,UKRAINE-EO13662] [RUSSIA-EO14024,-0- ,8P2439,Products Tanker,-0- ,-0- ,Barbados,-0- ,"Secondary sanctions risk: See Section 11 of Executive Order 14024.; alt. Secondary sanctions risk: Ukraine-/Russia-Related Sanctions Regulations, 31 CFR 589.201 and/or 589.209; Vessel Year of Build 2007; Vessel Registration Identification IMO 9344033; MMSI 314943000; Linked To: JOINT STOCK COMPANY SOVCOMFLOT."
51591,CANKIRI,vessel,UKRAINE-EO13662] [RUSSIA-EO14024,-0- ,3E4108,Crude Oil Tanker,-0- ,-0- ,Panama,-0- ,"Secondary sanctions risk: See Section 11 of Executive Order 14024.; alt. Secondary sanctions risk: Ukraine-/Russia-Related Sanctions Regulations, 31 CFR 589.201 and/or 589.209; Vessel Registration Identification IMO 9411331; MMSI 352002456; Linked To: PROMINENT SHIPMANAGEMENT LIMITED."
51592,ELEGANCE,vessel,UKRAINE-EO13662] [RUSSIA-EO14024,-0- ,3E5080,Crude Oil Tanker,-0- ,-0- ,Panama,-0- ,"Secondary sanctions risk: See Section 11 of Executive Order 14024.; alt. Secondary sanctions risk: Ukraine-/Russia-Related Sanctions Regulations, 31 CFR 589.201 and/or 589.209; Vessel Registration Identification IMO 9383950; MMSI 352002791; Linked To: PROMINENT SHIPMANAGEMENT LIMITED."
51594,UNIVERSAL,vessel,UKRAINE-EO13662] [RUSSIA-EO14024,-0- ,8P2454,Chemical/Oil Tanker,-0- ,-0- ,Barbados,-0- ,"Secondary sanctions risk: See Section 11 of Executive Order 14024.; alt. Secondary sanctions risk: Ukraine-/Russia-Related Sanctions Regulations, 31 CFR 589.201 and/or 589.209; Vessel Year of Build 2009; Vessel Registration Identification IMO 9384306; MMSI 314954000; Linked To: JOINT STOCK COMPANY SOVCOMFLOT."
51596,VENTURE,vessel,UKRAINE-EO13662] [RUSSIA-EO14024,-0- ,3E7423,Crude Oil Tanker,-0- ,-0- ,Panama,-0- ,"Secondary sanctions risk: See Section 11 of Executive Order 14024.; alt. Secondary sanctions risk: Ukraine-/Russia-Related Sanctions Regulations, 31 CFR 589.201 and/or 589.209; Vessel Registration Identification IMO 9832547; MMSI 352003251; Linked To: PROMINENT SHIPMANAGEMENT LIMITED."
51597,VALOUR,vessel,UKRAINE-EO13662] [RUSSIA-EO14024,-0- ,3E6071,Products Tanker,-0- ,-0- ,Panama,-0- ,"Secondary sanctions risk: See Section 11 of Executive Order 14024.; alt. Secondary sanctions risk: Ukraine-/Russia-Related Sanctions Regulations, 31 CFR 589.201 and/or 589.209; Vessel Registration Identification IMO 9832559; MMSI 352003207; Linked To: PROMINENT SHIPMANAGEMENT LIMITED."
51600,SAMSUN,vessel,UKRAINE-EO13662] [RUSSIA-EO14024,-0- ,3E2327,Crude Oil Tanker,-0- ,-0- ,Panama,-0- ,"Secondary sanctions risk: See Section 11 of Executive Order 14024.; alt. Secondary sanctions risk: Ukraine-/Russia-Related Sanctions Regulations, 31 CFR 589.201 and/or 589.209; Vessel Registration Identification IMO 9436006; MMSI 352002486; Linked To: PROMINENT SHIPMANAGEMENT LIMITED."
51603,SIVAS,vessel,UKRAINE-EO13662] [RUSSIA-EO14024,-0- ,3E2642,Crude Oil Tanker,-0- ,-0- ,Panama,-0- ,"Secondary sanctions risk: See Section 11 of Executive Order 14024.; alt. Secondary sanctions risk: Ukraine-/Russia-Related Sanctions Regulations, 31 CFR 589.201 and/or 589.209; Vessel Registration Identification IMO 9419137; MMSI 352002488; Linked To: PROMINENT SHIPMANAGEMENT LIMITED."
51605,ORIENT VISION,vessel,UKRAINE-EO13662] [RUSSIA-EO14024,-0- ,3E5020,Bulk Carrier,-0- ,-0- ,Panama,-0- ,"Secondary sanctions risk: See Section 11 of Executive Order 14024.; alt. Secondary sanctions risk: Ukraine-/Russia-Related Sanctions Regulations, 31 CFR 589.201 and/or 589.209; Vessel Registration Identification IMO 9673202; MMSI 352002707; Linked To: PROMINENT SHIPMANAGEMENT LIMITED."
51609,DEYNA,vessel,UKRAINE-EO13662] [RUSSIA-EO14024,-0- ,3E5822,Crude Oil Tanker,-0- ,-0- ,Panama,-0- ,"Secondary sanctions risk: See Section 11 of Executive Order 14024.; alt. Secondary sanctions risk: Ukraine-/Russia-Related Sanctions Regulations, 31 CFR 589.201 and/or 589.209; Vessel Registration Identification IMO 9299903; MMSI 352003718; Linked To: SINO SHIP MANAGEMENT COMPANY LIMITED."
51610,ORIENT HARMONY,vessel,UKRAINE-EO13662] [RUSSIA-EO14024,-0- ,3E5021,Bulk Carrier,-0- ,-0- ,Panama,-0- ,"Secondary sanctions risk: See Section 11 of Executive Order 14024.; alt. Secondary sanctions risk: Ukraine-/Russia-Related Sanctions Regulations, 31 CFR 589.201 and/or 589.209; Vessel Registration Identification IMO 9620633; MMSI 352002708; Linked To: PROMINENT SHIPMANAGEMENT LIMITED."
51611,SIRIUS 1,vessel,UKRAINE-EO13662] [RUSSIA-EO14024,-0- ,3E5824,Crude Oil Tanker,-0- ,-0- ,Panama,-0- ,"Secondary sanctions risk: See Section 11 of Executive Order 14024.; alt. Secondary sanctions risk: Ukraine-/Russia-Related Sanctions Regulations, 31 CFR 589.201 and/or 589.209; Vessel Registration Identification IMO 9285847; MMSI 352003720; Linked To: SINO SHIP MANAGEMENT COMPANY LIMITED."
51612,TURACO,vessel,UKRAINE-EO13662] [RUSSIA-EO14024,-0- ,3E4698,Crude Oil Tanker,-0- ,-0- ,Panama,-0- ,"Secondary sanctions risk: See Section 11 of Executive Order 14024.; alt. Secondary sanctions risk: Ukraine-/Russia-Related Sanctions Regulations, 31 CFR 589.201 and/or 589.209; Vessel Registration Identification IMO 9247780; MMSI 352002942; Linked To: SINO SHIP MANAGEMENT COMPANY LIMITED."
51614,GAZPROMNEFT ZUID EAST,vessel,UKRAINE-EO13662] [RUSSIA-EO14024,-0- ,UCSK,Chemical/Oil Tanker,-0- ,-0- ,Russia,-0- ,"Secondary sanctions risk: See Section 11 of Executive Order 14024.; alt. Secondary sanctions risk: Ukraine-/Russia-Related Sanctions Regulations, 31 CFR 589.201 and/or 589.209; Vessel Registration Identification IMO 9537109; MMSI 273353580; Linked To: GAZPROMNEFT MARINE BUNKER LIMITED LIABILITY COMPANY."
51615,OMSK,vessel,UKRAINE-EO13662] [RUSSIA-EO14024,-0- ,UBZU,Chemical/Oil Tanker,-0- ,-0- ,Russia,-0- ,"Secondary sanctions risk: See Section 11 of Executive Order 14024.; alt. Secondary sanctions risk: Ukraine-/Russia-Related Sanctions Regulations, 31 CFR 589.201 and/or 589.209; Vessel Registration Identification IMO 9418509; MMSI 273371330; Linked To: GAZPROMNEFT MARINE BUNKER LIMITED LIABILITY COMPANY."
51616,TYMEN,vessel,UKRAINE-EO13662] [RUSSIA-EO14024,-0- ,UBIK8,Chemical/Oil Tanker,-0- ,-0- ,Russia,-0- ,"Secondary sanctions risk: See Section 11 of Executive Order 14024.; alt. Secondary sanctions risk: Ukraine-/Russia-Related Sanctions Regulations, 31 CFR 589.201 and/or 589.209; Vessel Registration Identification IMO 9422653; MMSI 273334570; Linked To: GAZPROMNEFT MARINE BUNKER LIMITED LIABILITY COMPANY."
51617,OLANGA,vessel,UKRAINE-EO13662] [RUSSIA-EO14024,-0- ,UBVH4,Products Tanker,-0- ,-0- ,Russia,-0- ,"Secondary sanctions risk: See Section 11 of Executive Order 14024.; alt. Secondary sanctions risk: Ukraine-/Russia-Related Sanctions Regulations, 31 CFR 589.201 and/or 589.209; Vessel Registration Identification IMO 9286463; MMSI 273355340; Linked To: GAZPROMNEFT MARINE BUNKER LIMITED LIABILITY COMPANY."
51618,MURMANSK,vessel,UKRAINE-EO13662] [RUSSIA-EO14024,-0- ,UBRR2,Chemical/Oil Tanker,-0- ,-0- ,Russia,-0- ,"Secondary sanctions risk: See Section 11 of Executive Order 14024.; alt. Secondary sanctions risk: Ukraine-/Russia-Related Sanctions Regulations, 31 CFR 589.201 and/or 589.209; Vessel Registration Identification IMO 9167930; MMSI 273430430; Linked To: GAZPROMNEFT MARINE BUNKER LIMITED LIABILITY COMPANY."
51619,DMITRY MENDELEEV,vessel,UKRAINE-EO13662] [RUSSIA-EO14024,-0- ,UBJV8,Bunkering Tanker,-0- ,-0- ,Russia,-0- ,"Secondary sanctions risk: See Section 11 of Executive Order 14024.; alt. Secondary sanctions risk: Ukraine-/Russia-Related Sanctions Regulations, 31 CFR 589.201 and/or 589.209; Vessel Registration Identification IMO 9888182; MMSI 273296810; Linked To: GAZPROMNEFT MARINE BUNKER LIMITED LIABILITY COMPANY."
51620,SHTURMAN KOSHELEV,vessel,UKRAINE-EO13662] [RUSSIA-EO14024,-0- ,UCMR,Products Tanker,-0- ,-0- ,Russia,-0- ,"Secondary sanctions risk: See Section 11 of Executive Order 14024.; alt. Secondary sanctions risk: Ukraine-/Russia-Related Sanctions Regulations, 31 CFR 589.201 and/or 589.209; Vessel Registration Identification IMO 9759939; MMSI 273391160; Linked To: GAZPROMNEFT MARINE BUNKER LIMITED LIABILITY COMPANY."
51621,SHTURMAN SHCHERBININ,vessel,UKRAINE-EO13662] [RUSSIA-EO14024,-0- ,UEXZ,Products Tanker,-0- ,-0- ,Russia,-0- ,"Secondary sanctions risk: See Section 11 of Executive Order 14024.; alt. Secondary sanctions risk: Ukraine-/Russia-Related Sanctions Regulations, 31 CFR 589.201 and/or 589.209; Vessel Registration Identification IMO 9759927; MMSI 273385570; Linked To: GAZPROMNEFT MARINE BUNKER LIMITED LIABILITY COMPANY."
51622,SHTURMAN SKURATOV,vessel,UKRAINE-EO13662] [RUSSIA-EO14024,-0- ,UBFP4,Products Tanker,-0- ,-0- ,Russia,-0- ,"Secondary sanctions risk: See Section 11 of Executive Order 14024.; alt. Secondary sanctions risk: Ukraine-/Russia-Related Sanctions Regulations, 31 CFR 589.201 and/or 589.209; Vessel Registration Identification IMO 9759915; MMSI 273392990; Linked To: GAZPROMNEFT MARINE BUNKER LIMITED LIABILITY COMPANY."
51623,GAZPROMNEFT NORDWEST,vessel,UKRAINE-EO13662] [RUSSIA-EO14024,-0- ,UBAI2,Chemical/Products Tanker,-0- ,-0- ,Russia,-0- ,"Secondary sanctions risk: See Section 11 of Executive Order 14024.; alt. Secondary sanctions risk: Ukraine-/Russia-Related Sanctions Regulations, 31 CFR 589.201 and/or 589.209; Vessel Registration Identification IMO 9590137; MMSI 273355640; Linked To: GAZPROMNEFT MARINE BUNKER LIMITED LIABILITY COMPANY."
51624,CALLISTO,vessel,UKRAINE-EO13662] [RUSSIA-EO14024,-0- ,8P2438,Crude Oil Tanker,-0- ,-0- ,Barbados,-0- ,"Secondary sanctions risk: See Section 11 of Executive Order 14024.; alt. Secondary sanctions risk: Ukraine-/Russia-Related Sanctions Regulations, 31 CFR 589.201 and/or 589.209; Vessel Registration Identification IMO 9299692; MMSI 314942000; Linked To: JOINT STOCK COMPANY SOVCOMFLOT."
51625,CHRISTOPHE DE MARGERIE,vessel,UKRAINE-EO13662] [RUSSIA-EO14024,-0- ,8E4097,LNG Carrier,-0- ,-0- ,Panama,-0- ,"Secondary sanctions risk: See Section 11 of Executive Order 14024.; alt. Secondary sanctions risk: Ukraine-/Russia-Related Sanctions Regulations, 31 CFR 589.201 and/or 589.209; Vessel Registration Identification IMO 9737187; MMSI 352002442; Linked To: JOINT STOCK COMPANY SOVCOMFLOT."
51627,LEO,vessel,UKRAINE-EO13662] [RUSSIA-EO14024,-0- ,8P2467,Crude Oil Tanker,-0- ,-0- ,Barbados,-0- ,"Secondary sanctions risk: See Section 11 of Executive Order 14024.; alt. Secondary sanctions risk: Ukraine-/Russia-Related Sanctions Regulations, 31 CFR 589.201 and/or 589.209; Vessel Registration Identification IMO 9412347; MMSI 314965000; Linked To: JOINT STOCK COMPANY SOVCOMFLOT."
51632,LIBERTY,vessel,UKRAINE-EO13662] [RUSSIA-EO14024,-0- ,8P2253,Crude Oil Tanker,-0- ,-0- ,Barbados,-0- ,"Secondary sanctions risk: See Section 11 of Executive Order 14024.; alt. Secondary sanctions risk: Ukraine-/Russia-Related Sanctions Regulations, 31 CFR 589.201 and/or 589.209; Vessel Registration Identification IMO 9339325; MMSI 314889000; Linked To: JOINT STOCK COMPANY SOVCOMFLOT."
51633,NEREUS SOPHIA,vessel,UKRAINE-EO13662] [RUSSIA-EO14024,-0- ,3E5862,Crude Oil Tanker,-0- ,-0- ,Panama,-0- ,"Secondary sanctions risk: See Section 11 of Executive Order 14024.; alt. Secondary sanctions risk: Ukraine-/Russia-Related Sanctions Regulations, 31 CFR 589.201 and/or 589.209; Vessel Registration Identification IMO 9266853; MMSI 352003763; Linked To: MEGHAN GROUP LIMITED."
51638,MOSKOVSKY PROSPECT,vessel,UKRAINE-EO13662] [RUSSIA-EO14024,-0- ,TRBE7,Crude Oil Tanker,-0- ,-0- ,Gabon,-0- ,"Secondary sanctions risk: See Section 11 of Executive Order 14024.; alt. Secondary sanctions risk: Ukraine-/Russia-Related Sanctions Regulations, 31 CFR 589.201 and/or 589.209; Vessel Registration Identification IMO 9511521; MMSI 626368000; Linked To: JOINT STOCK COMPANY SOVCOMFLOT."
51639,NURKEZ,vessel,UKRAINE-EO13662] [RUSSIA-EO14024,-0- ,3E2311,Crude Oil Tanker,-0- ,-0- ,Panama,-0- ,"Secondary sanctions risk: See Section 11 of Executive Order 14024.; alt. Secondary sanctions risk: Ukraine-/Russia-Related Sanctions Regulations, 31 CFR 589.201 and/or 589.209; Vessel Registration Identification IMO 9253325; MMSI 352002470; Linked To: SERPENS LIMITED."
51647,OLIA,vessel,UKRAINE-EO13662] [IRAN-EO13846] [RUSSIA-EO14024,-0- ,TRBO9,Crude Oil Tanker,-0- ,-0- ,Unknown,-0- ,"Former Vessel Flag Gabon; Secondary sanctions risk: See Section 11 of Executive Order 14024.; alt. Secondary sanctions risk: Ukraine-/Russia-Related Sanctions Regulations, 31 CFR 589.201 and/or 589.209; Vessel Year of Build 2003; Vessel Registration Identification IMO 9268112; MMSI 626450000; Linked To: ARISTOS MARITIME INCORPORATED; Linked To: VROOM MARINE VENTURE FZE."
51653,BOLERO,vessel,UKRAINE-EO13662] [RUSSIA-EO14024,-0- ,8P2492,Crude Oil Tanker,-0- ,-0- ,Barbados,-0- ,"Secondary sanctions risk: See Section 11 of Executive Order 14024.; alt. Secondary sanctions risk: Ukraine-/Russia-Related Sanctions Regulations, 31 CFR 589.201 and/or 589.209; Vessel Registration Identification IMO 9412335; MMSI 314984000; Linked To: JOINT STOCK COMPANY SOVCOMFLOT."
51657,PSKOV,vessel,UKRAINE-EO13662] [RUSSIA-EO14024,-0- ,8P2424,LNG Carrier,-0- ,-0- ,Barbados,-0- ,"Secondary sanctions risk: See Section 11 of Executive Order 14024.; alt. Secondary sanctions risk: Ukraine-/Russia-Related Sanctions Regulations, 31 CFR 589.201 and/or 589.209; Vessel Registration Identification IMO 9630028; MMSI 314930000; Linked To: JOINT STOCK COMPANY SOVCOMFLOT."
51660,RIGEL,vessel,UKRAINE-EO13662] [RUSSIA-EO14024,-0- ,8P2389,Crude Oil Tanker,-0- ,-0- ,Barbados,-0- ,"Secondary sanctions risk: See Section 11 of Executive Order 14024.; alt. Secondary sanctions risk: Ukraine-/Russia-Related Sanctions Regulations, 31 CFR 589.201 and/or 589.209; Vessel Registration Identification IMO 9511533; MMSI 314919000; Linked To: JOINT STOCK COMPANY SOVCOMFLOT."
51661,SAGA,vessel,UKRAINE-EO13662] [RUSSIA-EO14024,-0- ,8P2258,Chemical/Oil Tanker,-0- ,-0- ,Barbados,-0- ,"Secondary sanctions risk: See Section 11 of Executive Order 14024.; alt. Secondary sanctions risk: Ukraine-/Russia-Related Sanctions Regulations, 31 CFR 589.201 and/or 589.209; Vessel Registration Identification IMO 9318553; MMSI 314894000; Linked To: JOINT STOCK COMPANY SOVCOMFLOT."
51674,AMBER 6,vessel,UKRAINE-EO13662] [RUSSIA-EO14024,-0- ,3E2141,Crude Oil Tanker,-0- ,-0- ,Panama,-0- ,"Secondary sanctions risk: See Section 11 of Executive Order 14024.; alt. Secondary sanctions risk: Ukraine-/Russia-Related Sanctions Regulations, 31 CFR 589.201 and/or 589.209; Vessel Registration Identification IMO 9235713; MMSI 352001387; Linked To: SUNNE CO LIMITED."
51676,OLIVIA,vessel,UKRAINE-EO13662] [RUSSIA-EO14024,-0- ,9LS2020,Crude Oil Tanker,-0- ,-0- ,Sierra Leone,-0- ,"Secondary sanctions risk: See Section 11 of Executive Order 14024.; alt. Secondary sanctions risk: Ukraine-/Russia-Related Sanctions Regulations, 31 CFR 589.201 and/or 589.209; Vessel Registration Identification IMO 9233741; MMSI 667002317; Linked To: FRINA EXPRESS CORPORATION."
51682,PYTHON,vessel,UKRAINE-EO13662] [RUSSIA-EO14024,-0- ,8P2523,Crude Oil Tanker,-0- ,-0- ,Barbados,-0- ,"Secondary sanctions risk: See Section 11 of Executive Order 14024.; alt. Secondary sanctions risk: Ukraine-/Russia-Related Sanctions Regulations, 31 CFR 589.201 and/or 589.209; Vessel Registration Identification IMO 9250531; MMSI 314993000; Linked To: OCEAN WATERS MARITIME CORPORATION."
51689,AQUATICA,vessel,UKRAINE-EO13662] [RUSSIA-EO14024,-0- ,3E6678,Crude Oil Tanker,-0- ,-0- ,Panama,-0- ,"Secondary sanctions risk: See Section 11 of Executive Order 14024.; alt. Secondary sanctions risk: Ukraine-/Russia-Related Sanctions Regulations, 31 CFR 589.201 and/or 589.209; Vessel Registration Identification IMO 9299769; MMSI 352004367; Linked To: CELESTIAL STAR CORPORATION."
51690,APUS,vessel,UKRAINE-EO13662] [RUSSIA-EO14024,-0- ,3E2712,Crude Oil Tanker,-0- ,-0- ,Panama,-0- ,"Secondary sanctions risk: See Section 11 of Executive Order 14024.; alt. Secondary sanctions risk: Ukraine-/Russia-Related Sanctions Regulations, 31 CFR 589.201 and/or 589.209; Vessel Registration Identification IMO 9280885; MMSI 352001692; Linked To: SUNNE CO LIMITED."
51691,AQUILA II,vessel,UKRAINE-EO13662] [RUSSIA-EO14024,-0- ,3E2714,Crude Oil Tanker,-0- ,-0- ,Panama,-0- ,"Secondary sanctions risk: See Section 11 of Executive Order 14024.; alt. Secondary sanctions risk: Ukraine-/Russia-Related Sanctions Regulations, 31 CFR 589.201 and/or 589.209; Vessel Registration Identification IMO 9281152; MMSI 352001694; Linked To: SUNNE CO LIMITED."
51692,SERENADE,vessel,UKRAINE-EO13662] [RUSSIA-EO14024,-0- ,8P2363,Chemical/Oil Tanker,-0- ,-0- ,Barbados,-0- ,"Secondary sanctions risk: See Section 11 of Executive Order 14024.; alt. Secondary sanctions risk: Ukraine-/Russia-Related Sanctions Regulations, 31 CFR 589.201 and/or 589.209; Vessel Registration Identification IMO 9318541; MMSI 314897000; Linked To: JOINT STOCK COMPANY SOVCOMFLOT."
51697,EMILY S,vessel,UKRAINE-EO13662] [RUSSIA-EO14024,-0- ,3E2473,Crude Oil Tanker,-0- ,-0- ,Panama,-0- ,"Secondary sanctions risk: See Section 11 of Executive Order 14024.; alt. Secondary sanctions risk: Ukraine-/Russia-Related Sanctions Regulations, 31 CFR 589.201 and/or 589.209; Vessel Registration Identification IMO 9321847; MMSI 352001452; Linked To: SUNNE CO LIMITED."
51699,ATTICA,vessel,UKRAINE-EO13662] [RUSSIA-EO14024,-0- ,TRAT2,Crude Oil Tanker,-0- ,-0- ,Gabon,-0- ,"Secondary sanctions risk: See Section 11 of Executive Order 14024.; alt. Secondary sanctions risk: Ukraine-/Russia-Related Sanctions Regulations, 31 CFR 589.201 and/or 589.209; Vessel Registration Identification IMO 9436941; MMSI 626278000; Linked To: ELGON MARITIME CORPORATION."
51700,HEIDI A,vessel,UKRAINE-EO13662] [RUSSIA-EO14024,-0- ,3E2523,Crude Oil Tanker,-0- ,-0- ,Panama,-0- ,"Secondary sanctions risk: See Section 11 of Executive Order 14024.; alt. Secondary sanctions risk: Ukraine-/Russia-Related Sanctions Regulations, 31 CFR 589.201 and/or 589.209; Vessel Registration Identification IMO 9321976; MMSI 352001510; Linked To: SUNNE CO LIMITED."
51702,SUCCESS,vessel,UKRAINE-EO13662] [RUSSIA-EO14024,-0- ,8P2257,Products Tanker,-0- ,-0- ,Barbados,-0- ,"Secondary sanctions risk: See Section 11 of Executive Order 14024.; alt. Secondary sanctions risk: Ukraine-/Russia-Related Sanctions Regulations, 31 CFR 589.201 and/or 589.209; Vessel Registration Identification IMO 9333436; MMSI 314893000; Linked To: JOINT STOCK COMPANY SOVCOMFLOT."
51705,LAUREN II,vessel,UKRAINE-EO13662] [RUSSIA-EO14024,-0- ,3FCU5,Crude Oil Tanker,-0- ,-0- ,Panama,-0- ,"Secondary sanctions risk: See Section 11 of Executive Order 14024.; alt. Secondary sanctions risk: Ukraine-/Russia-Related Sanctions Regulations, 31 CFR 589.201 and/or 589.209; Vessel Registration Identification IMO 9258521; MMSI 355070000; Linked To: SUNNE CO LIMITED."
51707,M SOPHIA,vessel,UKRAINE-EO13662] [RUSSIA-EO14024,-0- ,3FTT,Crude Oil Tanker,-0- ,-0- ,Panama,-0- ,"Secondary sanctions risk: See Section 11 of Executive Order 14024.; alt. Secondary sanctions risk: Ukraine-/Russia-Related Sanctions Regulations, 31 CFR 589.201 and/or 589.209; Vessel Registration Identification IMO 9289477; MMSI 374933000; Linked To: SUNNE CO LIMITED."
51709,MINERVA M,vessel,UKRAINE-EO13662] [RUSSIA-EO14024,-0- ,3E2537,Crude Oil Tanker,-0- ,-0- ,Panama,-0- ,"Secondary sanctions risk: See Section 11 of Executive Order 14024.; alt. Secondary sanctions risk: Ukraine-/Russia-Related Sanctions Regulations, 31 CFR 589.201 and/or 589.209; Vessel Registration Identification IMO 9282479; MMSI 352001530; Linked To: SUNNE CO LIMITED."
51710,SAGITTA,vessel,UKRAINE-EO13662] [RUSSIA-EO14024,-0- ,3E3674,Crude Oil Tanker,-0- ,-0- ,Panama,-0- ,"Secondary sanctions risk: See Section 11 of Executive Order 14024.; alt. Secondary sanctions risk: Ukraine-/Russia-Related Sanctions Regulations, 31 CFR 589.201 and/or 589.209; Vessel Registration Identification IMO 9296822; MMSI 352001616; Linked To: SUNNE CO LIMITED."
51711,VELIKIY NOVGOROD,vessel,UKRAINE-EO13662] [RUSSIA-EO14024,-0- ,8P2422,LNG Carrier,-0- ,-0- ,Barbados,-0- ,"Secondary sanctions risk: See Section 11 of Executive Order 14024.; alt. Secondary sanctions risk: Ukraine-/Russia-Related Sanctions Regulations, 31 CFR 589.201 and/or 589.209; Vessel Registration Identification IMO 9630004; MMSI 314928000; Linked To: JOINT STOCK COMPANY SOVCOMFLOT."
51712,TASCA,vessel,UKRAINE-EO13662] [RUSSIA-EO14024,-0- ,3E2647,Crude Oil Tanker,-0- ,-0- ,Panama,-0- ,"Secondary sanctions risk: See Section 11 of Executive Order 14024.; alt. Secondary sanctions risk: Ukraine-/Russia-Related Sanctions Regulations, 31 CFR 589.201 and/or 589.209; Vessel Registration Identification IMO 9313149; MMSI 352002494; Linked To: SUNNE CO LIMITED."
51713,BOREY G,vessel,UKRAINE-EO13662] [RUSSIA-EO14024,-0- ,3E2481,Products Tanker,-0- ,-0- ,Panama,-0- ,"Secondary sanctions risk: See Section 11 of Executive Order 14024.; alt. Secondary sanctions risk: Ukraine-/Russia-Related Sanctions Regulations, 31 CFR 589.201 and/or 589.209; Vessel Registration Identification IMO 9199127; MMSI 352001461; Linked To: LUSEIA MARINE SERVICES CO LTD."
51720,VOSTOCHNY PROSPECT,vessel,UKRAINE-EO13662] [RUSSIA-EO14024,-0- ,UBEZ2,LNG Carrier,-0- ,-0- ,Russia,-0- ,"Secondary sanctions risk: See Section 11 of Executive Order 14024.; alt. Secondary sanctions risk: Ukraine-/Russia-Related Sanctions Regulations, 31 CFR 589.201 and/or 589.209; Vessel Registration Identification IMO 9866392; MMSI 273611590; Linked To: JOINT STOCK COMPANY SOVCOMFLOT."
51723,CARL,vessel,UKRAINE-EO13662] [RUSSIA-EO14024,-0- ,8P2479,Crude Oil Tanker,-0- ,-0- ,Barbados,-0- ,"Secondary sanctions risk: See Section 11 of Executive Order 14024.; alt. Secondary sanctions risk: Ukraine-/Russia-Related Sanctions Regulations, 31 CFR 589.201 and/or 589.209; Vessel Registration Identification IMO 9288851; MMSI 314975000; Linked To: CUBE VENTURES SHIPPING SA."
51724,ZALIV ANIVA,vessel,UKRAINE-EO13662] [RUSSIA-EO14024,-0- ,3E3486,Crude Oil Tanker,-0- ,-0- ,Panama,-0- ,"Secondary sanctions risk: See Section 11 of Executive Order 14024.; alt. Secondary sanctions risk: Ukraine-/Russia-Related Sanctions Regulations, 31 CFR 589.201 and/or 589.209; Vessel Registration Identification IMO 9418494; MMSI 352002209; Linked To: JOINT STOCK COMPANY SOVCOMFLOT."
51726,ZENITH,vessel,UKRAINE-EO13662] [RUSSIA-EO14024,-0- ,8P2448,Crude Oil Tanker,-0- ,-0- ,Barbados,-0- ,"Secondary sanctions risk: See Section 11 of Executive Order 14024.; alt. Secondary sanctions risk: Ukraine-/Russia-Related Sanctions Regulations, 31 CFR 589.201 and/or 589.209; Vessel Registration Identification IMO 9610781; MMSI 314950000; Linked To: JOINT STOCK COMPANY SOVCOMFLOT."
51730,HYPERION,vessel,UKRAINE-EO13662] [RUSSIA-EO14024,-0- ,8P2458,Chemical/Oil Tanker,-0- ,-0- ,Barbados,-0- ,"Secondary sanctions risk: See Section 11 of Executive Order 14024.; alt. Secondary sanctions risk: Ukraine-/Russia-Related Sanctions Regulations, 31 CFR 589.201 and/or 589.209; Vessel Registration Identification IMO 9322968; MMSI 314958000; Linked To: FORNAX SHIP MANAGEMENT FZCO."
51732,PEGASUS,vessel,UKRAINE-EO13662] [RUSSIA-EO14024,-0- ,8P2449,Chemical/Oil Tanker,-0- ,-0- ,Barbados,-0- ,"Secondary sanctions risk: See Section 11 of Executive Order 14024.; alt. Secondary sanctions risk: Ukraine-/Russia-Related Sanctions Regulations, 31 CFR 589.201 and/or 589.209; Vessel Registration Identification IMO 9276028; MMSI 314951000; Linked To: FORNAX SHIP MANAGEMENT FZCO."
51735,CEPHEUS,vessel,UKRAINE-EO13662] [RUSSIA-EO14024,-0- ,3E3724,Crude Oil Tanker,-0- ,-0- ,Panama,-0- ,"Secondary sanctions risk: See Section 11 of Executive Order 14024.; alt. Secondary sanctions risk: Ukraine-/Russia-Related Sanctions Regulations, 31 CFR 589.201 and/or 589.209; Vessel Registration Identification IMO 9299721; MMSI 352001911; Linked To: COLUMBA LIMITED."
51742,SYMPHONY,vessel,UKRAINE-EO13662] [RUSSIA-EO14024,-0- ,8P2445,Chemical/Oil Tanker,-0- ,-0- ,Barbados,-0- ,"Secondary sanctions risk: See Section 11 of Executive Order 14024.; alt. Secondary sanctions risk: Ukraine-/Russia-Related Sanctions Regulations, 31 CFR 589.201 and/or 589.209; Vessel Registration Identification IMO 9309588; MMSI 314947000; Linked To: FORNAX SHIP MANAGEMENT FZCO."
51747,PROXIMA,vessel,UKRAINE-EO13662] [RUSSIA-EO14024,-0- ,8P2475,Chemical/Oil Tanker,-0- ,-0- ,Barbados,-0- ,"Secondary sanctions risk: See Section 11 of Executive Order 14024.; alt. Secondary sanctions risk: Ukraine-/Russia-Related Sanctions Regulations, 31 CFR 589.201 and/or 589.209; Vessel Registration Identification IMO 9329655; MMSI 314971000; Linked To: FORNAX SHIP MANAGEMENT FZCO."
51752,CLIO,vessel,UKRAINE-EO13662] [RUSSIA-EO14024,-0- ,3E2767,Crude Oil Tanker,-0- ,-0- ,Panama,-0- ,"Secondary sanctions risk: See Section 11 of Executive Order 14024.; alt. Secondary sanctions risk: Ukraine-/Russia-Related Sanctions Regulations, 31 CFR 589.201 and/or 589.209; Vessel Registration Identification IMO 9238052; MMSI 352001855; Linked To: HONG KONG YONGYE SHIPPING LIMITED."
51758,ATLAS,vessel,UKRAINE-EO13662] [RUSSIA-EO14024,-0- ,8P2259,Products Tanker,-0- ,-0- ,Barbados,-0- ,"Secondary sanctions risk: See Section 11 of Executive Order 14024.; alt. Secondary sanctions risk: Ukraine-/Russia-Related Sanctions Regulations, 31 CFR 589.201 and/or 589.209; Vessel Registration Identification IMO 9413573; MMSI 314895000; Linked To: STREAM SHIP MANAGEMENT FZCO."
51761,CRIUS,vessel,UKRAINE-EO13662] [RUSSIA-EO14024,-0- ,3E3759,Crude Oil Tanker,-0- ,-0- ,Panama,-0- ,"Secondary sanctions risk: See Section 11 of Executive Order 14024.; alt. Secondary sanctions risk: Ukraine-/Russia-Related Sanctions Regulations, 31 CFR 589.201 and/or 589.209; Vessel Registration Identification IMO 9251274; MMSI 352002070; Linked To: CRIUS LIMITED."
51763,CUP,vessel,UKRAINE-EO13662] [RUSSIA-EO14024,-0- ,V2Y16,Crude Oil Tanker,-0- ,-0- ,Antigua & Barbuda,-0- ,"Secondary sanctions risk: See Section 11 of Executive Order 14024.; alt. Secondary sanctions risk: Ukraine-/Russia-Related Sanctions Regulations, 31 CFR 589.201 and/or 589.209; Vessel Registration Identification IMO 9271327; MMSI 304768000; Linked To: BLUEJOURNEY SHIPPING LIMITED."
51765,CAPELLA,vessel,UKRAINE-EO13662] [RUSSIA-EO14024,-0- ,8P2447,Crude Oil Tanker,-0- ,-0- ,Barbados,-0- ,"Secondary sanctions risk: See Section 11 of Executive Order 14024.; alt. Secondary sanctions risk: Ukraine-/Russia-Related Sanctions Regulations, 31 CFR 589.201 and/or 589.209; Vessel Registration Identification IMO 9341079; MMSI 314949000; Linked To: STREAM SHIP MANAGEMENT FZCO."
51769,CASSIOPEIA,vessel,UKRAINE-EO13662] [RUSSIA-EO14024,-0- ,8P2466,Crude Oil Tanker,-0- ,-0- ,Barbados,-0- ,"Secondary sanctions risk: See Section 11 of Executive Order 14024.; alt. Secondary sanctions risk: Ukraine-/Russia-Related Sanctions Regulations, 31 CFR 589.201 and/or 589.209; Vessel Registration Identification IMO 9341081; MMSI 314964000; Linked To: STREAM SHIP MANAGEMENT FZCO."
51771,GALAXY,vessel,UKRAINE-EO13662] [RUSSIA-EO14024,-0- ,8P2373,Crude Oil Tanker,-0- ,-0- ,Barbados,-0- ,"Secondary sanctions risk: See Section 11 of Executive Order 14024.; alt. Secondary sanctions risk: Ukraine-/Russia-Related Sanctions Regulations, 31 CFR 589.201 and/or 589.209; Vessel Registration Identification IMO 9826902; MMSI 314905000; Linked To: STREAM SHIP MANAGEMENT FZCO."
51780,LEGACY,vessel,UKRAINE-EO13662] [RUSSIA-EO14024,-0- ,8P2256,Crude Oil Tanker,-0- ,-0- ,Barbados,-0- ,"Secondary sanctions risk: See Section 11 of Executive Order 14024.; alt. Secondary sanctions risk: Ukraine-/Russia-Related Sanctions Regulations, 31 CFR 589.201 and/or 589.209; Vessel Registration Identification IMO 9339337; MMSI 314892000; Linked To: STREAM SHIP MANAGEMENT FZCO."
51786,SI HE,vessel,UKRAINE-EO13662] [RUSSIA-EO14024,-0- ,3E4703,Products Tanker,-0- ,-0- ,Panama,-0- ,"Secondary sanctions risk: See Section 11 of Executive Order 14024.; alt. Secondary sanctions risk: Ukraine-/Russia-Related Sanctions Regulations, 31 CFR 589.201 and/or 589.209; Vessel Registration Identification IMO 9378618; MMSI 352002948; Linked To: LOENGO SHIPPING AND TRADER LIMITED."
51787,FREDA,vessel,UKRAINE-EO13662] [RUSSIA-EO14024,-0- ,3E5145,Crude Oil Tanker,-0- ,-0- ,Panama,-0- ,"Secondary sanctions risk: See Section 11 of Executive Order 14024.; alt. Secondary sanctions risk: Ukraine-/Russia-Related Sanctions Regulations, 31 CFR 589.201 and/or 589.209; Vessel Registration Identification IMO 9402469; MMSI 352003485; Linked To: HERA GAM LIMITED."
51790,VANGUARD,vessel,UKRAINE-EO13662] [RUSSIA-EO14024,-0- ,8P2469,Crude Oil Tanker,-0- ,-0- ,Barbados,-0- ,"Secondary sanctions risk: See Section 11 of Executive Order 14024.; alt. Secondary sanctions risk: Ukraine-/Russia-Related Sanctions Regulations, 31 CFR 589.201 and/or 589.209; Vessel Registration Identification IMO 9311622; MMSI 314967000; Linked To: STREAM SHIP MANAGEMENT FZCO."
51795,VLADIMIR ARSENYEV,vessel,UKRAINE-EO13662] [RUSSIA-EO14024,-0- ,3E4140,Crude Oil Tanker,-0- ,-0- ,Panama,-0- ,"Secondary sanctions risk: See Section 11 of Executive Order 14024.; alt. Secondary sanctions risk: Ukraine-/Russia-Related Sanctions Regulations, 31 CFR 589.201 and/or 589.209; Vessel Registration Identification IMO 9901025; MMSI 352002203; Linked To: STREAM SHIP MANAGEMENT FZCO."
51800,VOYAGER,vessel,UKRAINE-EO13662] [RUSSIA-EO14024,-0- ,8P2374,Crude Oil Tanker,-0- ,-0- ,Barbados,-0- ,"Secondary sanctions risk: See Section 11 of Executive Order 14024.; alt. Secondary sanctions risk: Ukraine-/Russia-Related Sanctions Regulations, 31 CFR 589.201 and/or 589.209; Vessel Registration Identification IMO 9843560; MMSI 314906000; Linked To: STREAM SHIP MANAGEMENT FZCO."
51803,YURI SENKEVICH,vessel,UKRAINE-EO13662] [RUSSIA-EO14024,-0- ,3E4135,Crude Oil Tanker,-0- ,-0- ,Panama,-0- ,"Secondary sanctions risk: See Section 11 of Executive Order 14024.; alt. Secondary sanctions risk: Ukraine-/Russia-Related Sanctions Regulations, 31 CFR 589.201 and/or 589.209; Vessel Registration Identification IMO 9301419; MMSI 352002198; Linked To: STREAM SHIP MANAGEMENT FZCO."
51805,SURREY QUAYS,vessel,UKRAINE-EO13662] [RUSSIA-EO14024,-0- ,3E2363,Crude Oil Tanker,-0- ,-0- ,Panama,-0- ,"Secondary sanctions risk: See Section 11 of Executive Order 14024.; alt. Secondary sanctions risk: Ukraine-/Russia-Related Sanctions Regulations, 31 CFR 589.201 and/or 589.209; Vessel Registration Identification IMO 9350654; MMSI 352002589; Linked To: SURREY QUAYS COMPANY  LIMITED."
51807,HENG TAI,vessel,UKRAINE-EO13662] [RUSSIA-EO14024,-0- ,3E5359,Crude Oil Tanker,-0- ,-0- ,Panama,-0- ,"Secondary sanctions risk: See Section 11 of Executive Order 14024.; alt. Secondary sanctions risk: Ukraine-/Russia-Related Sanctions Regulations, 31 CFR 589.201 and/or 589.209; Vessel Registration Identification IMO 9419448; MMSI 352003963; Linked To: HENGTAI SHIPPING LIMITED."
51810,THALIA III,vessel,UKRAINE-EO13662] [RUSSIA-EO14024,-0- ,3E3812,Crude Oil Tanker,-0- ,-0- ,Panama,-0- ,"Secondary sanctions risk: See Section 11 of Executive Order 14024.; alt. Secondary sanctions risk: Ukraine-/Russia-Related Sanctions Regulations, 31 CFR 589.201 and/or 589.209; Vessel Registration Identification IMO 9259197; MMSI 352002137; Linked To: SELENA LIVELY LIMITED."
51815,ALEKSEY CHIRIKOV,vessel,UKRAINE-EO13662] [RUSSIA-EO14024,-0- ,UBXJ4,Supply Vessel,-0- ,-0- ,Russia,-0- ,"Secondary sanctions risk: See Section 11 of Executive Order 14024.; alt. Secondary sanctions risk: Ukraine-/Russia-Related Sanctions Regulations, 31 CFR 589.201 and/or 589.209; Vessel Registration Identification IMO 9613551; MMSI 273369290; Linked To: JOINT STOCK COMPANY SOVCOMFLOT."
51818,GENNADIY NEVELSKOY,vessel,UKRAINE-EO13662] [RUSSIA-EO14024,-0- ,UDFS,Supply Vessel,-0- ,-0- ,Russia,-0- ,"Secondary sanctions risk: See Section 11 of Executive Order 14024.; alt. Secondary sanctions risk: Ukraine-/Russia-Related Sanctions Regulations, 31 CFR 589.201 and/or 589.209; Vessel Registration Identification IMO 9742120; MMSI 273396990; Linked To: JOINT STOCK COMPANY SOVCOMFLOT."
51822,SCF ENDEAVOUR,vessel,UKRAINE-EO13662] [RUSSIA-EO14024,-0- ,UIHP,Supply Vessel,-0- ,-0- ,Russia,-0- ,"Secondary sanctions risk: See Section 11 of Executive Order 14024.; alt. Secondary sanctions risk: Ukraine-/Russia-Related Sanctions Regulations, 31 CFR 589.201 and/or 589.209; Vessel Registration Identification IMO 9335678; MMSI 273312540; Linked To: JOINT STOCK COMPANY SOVCOMFLOT."
51826,KRISHNA 1,vessel,UKRAINE-EO13662] [RUSSIA-EO14024,-0- ,TRAT4,Crude Oil Tanker,-0- ,-0- ,Panama,-0- ,"Secondary sanctions risk: See Section 11 of Executive Order 14024.; alt. Secondary sanctions risk: Ukraine-/Russia-Related Sanctions Regulations, 31 CFR 589.201 and/or 589.209; Vessel Registration Identification IMO 9271585; MMSI 352004581; Linked To: AMSHA MARITIME."
51827,WEI FENG,vessel,UKRAINE-EO13662] [RUSSIA-EO14024,-0- ,3E4609,Crude Oil Tanker,-0- ,-0- ,Panama,-0- ,"Secondary sanctions risk: See Section 11 of Executive Order 14024.; alt. Secondary sanctions risk: Ukraine-/Russia-Related Sanctions Regulations, 31 CFR 589.201 and/or 589.209; Vessel Registration Identification IMO 9388754; MMSI 352002820; Linked To: XINGFU HAI SHIPPING LIMITED."
51838,SCF ENDURANCE,vessel,UKRAINE-EO13662] [RUSSIA-EO14024,-0- ,UIPN,Supply Vessel,-0- ,-0- ,Russia,-0- ,"Secondary sanctions risk: See Section 11 of Executive Order 14024.; alt. Secondary sanctions risk: Ukraine-/Russia-Related Sanctions Regulations, 31 CFR 589.201 and/or 589.209; Vessel Registration Identification IMO 9335680; MMSI 273314650; Linked To: JOINT STOCK COMPANY SOVCOMFLOT."
51841,SCF ENTERPRISE,vessel,UKRAINE-EO13662] [RUSSIA-EO14024,-0- ,UFHH2,Supply Vessel,-0- ,-0- ,Russia,-0- ,"Secondary sanctions risk: See Section 11 of Executive Order 14024.; alt. Secondary sanctions risk: Ukraine-/Russia-Related Sanctions Regulations, 31 CFR 589.201 and/or 589.209; Vessel Registration Identification IMO 9335692; MMSI 273312060; Linked To: JOINT STOCK COMPANY SOVCOMFLOT."
51847,HIMALAYAN,vessel,UKRAINE-EO13662] [RUSSIA-EO14024,-0- ,3E4651,Crude Oil Tanker,-0- ,-0- ,Panama,-0- ,"Secondary sanctions risk: See Section 11 of Executive Order 14024.; alt. Secondary sanctions risk: Ukraine-/Russia-Related Sanctions Regulations, 31 CFR 589.201 and/or 589.209; Vessel Registration Identification IMO 9392822; MMSI 352002872; Linked To: GIFTED PEAK LIMITED."
51854,HUI HAI ATLANTIC,vessel,UKRAINE-EO13662] [RUSSIA-EO14024,-0- ,3E3814,Crude Oil Tanker,-0- ,-0- ,Panama,-0- ,"Secondary sanctions risk: See Section 11 of Executive Order 14024.; alt. Secondary sanctions risk: Ukraine-/Russia-Related Sanctions Regulations, 31 CFR 589.201 and/or 589.209; Vessel Registration Identification IMO 9312872; MMSI 352002139; Linked To: HUIHAI HONG KONG SHIPPING CO LIMITED."
51856,AKADEMIK GUBKIN,vessel,UKRAINE-EO13662] [RUSSIA-EO14024,-0- ,UBZX4,Crude Oil Tanker,-0- ,-0- ,Russia,-0- ,"Secondary sanctions risk: See Section 11 of Executive Order 14024.; alt. Secondary sanctions risk: Ukraine-/Russia-Related Sanctions Regulations, 31 CFR 589.201 and/or 589.209; Vessel Registration Identification IMO 9842190; MMSI 273616040; Linked To: JOINT STOCK COMPANY ROSNEFTEFLOT."
51858,SCF SAKHALIN,vessel,UKRAINE-EO13662] [RUSSIA-EO14024,-0- ,UHME,Supply Vessel,-0- ,-0- ,Russia,-0- ,"Secondary sanctions risk: See Section 11 of Executive Order 14024.; alt. Secondary sanctions risk: Ukraine-/Russia-Related Sanctions Regulations, 31 CFR 589.201 and/or 589.209; Vessel Registration Identification IMO 9307724; MMSI 273318120; Linked To: JOINT STOCK COMPANY SOVCOMFLOT."
51860,HUIHAI PACIFIC,vessel,UKRAINE-EO13662] [RUSSIA-EO14024,-0- ,3E3800,Crude Oil Tanker,-0- ,-0- ,Panama,-0- ,"Secondary sanctions risk: See Section 11 of Executive Order 14024.; alt. Secondary sanctions risk: Ukraine-/Russia-Related Sanctions Regulations, 31 CFR 589.201 and/or 589.209; Vessel Registration Identification IMO 9346732; MMSI 352002122; Linked To: HONG KONG HANYUAN SHIPPING CO LIMITED."
51871,DOBRYNYA,vessel,UKRAINE-EO13662] [RUSSIA-EO14024,-0- ,UBOO,Tug,-0- ,-0- ,Russia,-0- ,"Secondary sanctions risk: See Section 11 of Executive Order 14024.; alt. Secondary sanctions risk: Ukraine-/Russia-Related Sanctions Regulations, 31 CFR 589.201 and/or 589.209; Vessel Registration Identification IMO 8730077; MMSI 273449240; Linked To: JOINT STOCK COMPANY ROSNEFTEFLOT."
51873,STEPAN MAKAROV,vessel,UKRAINE-EO13662] [RUSSIA-EO14024,-0- ,UAOZ,Supply Vessel,-0- ,-0- ,Russia,-0- ,"Secondary sanctions risk: See Section 11 of Executive Order 14024.; alt. Secondary sanctions risk: Ukraine-/Russia-Related Sanctions Regulations, 31 CFR 589.201 and/or 589.209; Vessel Registration Identification IMO 9753727; MMSI 273392530; Linked To: JOINT STOCK COMPANY SOVCOMFLOT."
51877,NURSULTAN NAZARBAYEV,vessel,UKRAINE-EO13662] [RUSSIA-EO14024,-0- ,-0- ,Crude Oil Tanker,-0- ,-0- ,Russia,-0- ,"Secondary sanctions risk: See Section 11 of Executive Order 14024.; alt. Secondary sanctions risk: Ukraine-/Russia-Related Sanctions Regulations, 31 CFR 589.201 and/or 589.209; Vessel Registration Identification IMO 9842217; Linked To: JOINT STOCK COMPANY ROSNEFTEFLOT."
51879,LI BAI,vessel,UKRAINE-EO13662] [RUSSIA-EO14024,-0- ,3E4641,Crude Oil Tanker,-0- ,-0- ,Panama,-0- ,"Secondary sanctions risk: See Section 11 of Executive Order 14024.; alt. Secondary sanctions risk: Ukraine-/Russia-Related Sanctions Regulations, 31 CFR 589.201 and/or 589.209; Vessel Registration Identification IMO 9589750; MMSI 352002861; Linked To: HAIMA SHIPPING LIMITED."
51880,VYACHESLAV TIKHONOV,vessel,UKRAINE-EO13662] [RUSSIA-EO14024,-0- ,UBSH6,Research Vessel,-0- ,-0- ,Russia,-0- ,"Secondary sanctions risk: See Section 11 of Executive Order 14024.; alt. Secondary sanctions risk: Ukraine-/Russia-Related Sanctions Regulations, 31 CFR 589.201 and/or 589.209; Vessel Registration Identification IMO 9538115; MMSI 273350140; Linked To: JOINT STOCK COMPANY SOVCOMFLOT."
51882,OKEANSKY PROSPECT,vessel,UKRAINE-EO13662] [RUSSIA-EO14024,-0- ,-0- ,Crude Oil Tanker,-0- ,-0- ,Russia,-0- ,"Secondary sanctions risk: See Section 11 of Executive Order 14024.; alt. Secondary sanctions risk: Ukraine-/Russia-Related Sanctions Regulations, 31 CFR 589.201 and/or 589.209; Vessel Registration Identification IMO 9898254; Linked To: JOINT STOCK COMPANY ROSNEFTEFLOT."
51884,YEVGENY PRIMAKOV,vessel,UKRAINE-EO13662] [RUSSIA-EO14024,-0- ,UAUH,Supply Vessel,-0- ,-0- ,Russia,-0- ,"Secondary sanctions risk: See Section 11 of Executive Order 14024.; alt. Secondary sanctions risk: Ukraine-/Russia-Related Sanctions Regulations, 31 CFR 589.201 and/or 589.209; Vessel Registration Identification IMO 9753741; MMSI 273412440; Linked To: JOINT STOCK COMPANY SOVCOMFLOT."
51885,RN AMUR,vessel,UKRAINE-EO13662] [RUSSIA-EO14024,-0- ,UIZU,Tug,-0- ,-0- ,Russia,-0- ,"Secondary sanctions risk: See Section 11 of Executive Order 14024.; alt. Secondary sanctions risk: Ukraine-/Russia-Related Sanctions Regulations, 31 CFR 589.201 and/or 589.209; alt. Secondary sanctions risk: Ukraine-/Russia-Related Sanctions Regulations, 31 CFR 589.201 and/or 589.209; Vessel Registration Identification IMO 9653068; MMSI 273333470; Linked To: JOINT STOCK COMPANY ROSNEFTEFLOT."
51886,LYRA,vessel,UKRAINE-EO13662] [RUSSIA-EO14024,-0- ,3E2571,Crude Oil Tanker,-0- ,-0- ,Panama,-0- ,"Secondary sanctions risk: See Section 11 of Executive Order 14024.; alt. Secondary sanctions risk: Ukraine-/Russia-Related Sanctions Regulations, 31 CFR 589.201 and/or 589.209; Vessel Registration Identification IMO 9314088; MMSI 352001732; Linked To: KAT DENNINGS LIMITED."
51888,ZALIV AMURSKIY,vessel,UKRAINE-EO13662] [RUSSIA-EO14024,-0- ,3E7519,Crude Oil Tanker,-0- ,-0- ,Panama,-0- ,"Secondary sanctions risk: See Section 11 of Executive Order 14024.; alt. Secondary sanctions risk: Ukraine-/Russia-Related Sanctions Regulations, 31 CFR 589.201 and/or 589.209; Vessel Registration Identification IMO 9354313; MMSI 352003364; Linked To: JOINT STOCK COMPANY SOVCOMFLOT."
51889,RN SAKHALIN,vessel,UKRAINE-EO13662] [RUSSIA-EO14024,-0- ,UBCP8,Products Tanker,-0- ,-0- ,Russia,-0- ,"Secondary sanctions risk: See Section 11 of Executive Order 14024.; alt. Secondary sanctions risk: Ukraine-/Russia-Related Sanctions Regulations, 31 CFR 589.201 and/or 589.209; Vessel Registration Identification IMO 9650016; MMSI 273399390; Linked To: JOINT STOCK COMPANY ROSNEFTEFLOT."
51891,MAKALU,vessel,UKRAINE-EO13662] [RUSSIA-EO14024,-0- ,8P2533,Crude Oil Tanker,-0- ,-0- ,Barbados,-0- ,"Secondary sanctions risk: See Section 11 of Executive Order 14024.; alt. Secondary sanctions risk: Ukraine-/Russia-Related Sanctions Regulations, 31 CFR 589.201 and/or 589.209; Vessel Registration Identification IMO 9314105; MMSI 314001002; Linked To: DOUBLE HARMONY MARINE CORPORATION."
51893,RN USSURI,vessel,UKRAINE-EO13662] [RUSSIA-EO14024,-0- ,UBTK3,Tug,-0- ,-0- ,Russia,-0- ,"Secondary sanctions risk: See Section 11 of Executive Order 14024.; alt. Secondary sanctions risk: Ukraine-/Russia-Related Sanctions Regulations, 31 CFR 589.201 and/or 589.209; Vessel Registration Identification IMO 9653070; MMSI 273320710; Linked To: JOINT STOCK COMPANY ROSNEFTEFLOT."
51896,SVYATOY KNYAZ VLADIMIR,vessel,UKRAINE-EO13662] [RUSSIA-EO14024,-0- ,UBUP4,Passenger,-0- ,-0- ,Russia,-0- ,"Secondary sanctions risk: See Section 11 of Executive Order 14024.; alt. Secondary sanctions risk: Ukraine-/Russia-Related Sanctions Regulations, 31 CFR 589.201 and/or 589.209; Vessel Registration Identification IMO 9678238; MMSI 273393630; Linked To: JOINT STOCK COMPANY ROSNEFTEFLOT."
51899,MERMAR,vessel,UKRAINE-EO13662] [RUSSIA-EO14024,-0- ,3E3356,Crude Oil Tanker,-0- ,-0- ,Panama,-0- ,"Secondary sanctions risk: See Section 11 of Executive Order 14024.; alt. Secondary sanctions risk: Ukraine-/Russia-Related Sanctions Regulations, 31 CFR 589.201 and/or 589.209; Vessel Registration Identification IMO 9231212; MMSI 352978243; Linked To: MERLUZA GROUP LIMITED."
51903,VALENTIN PIKUL,vessel,UKRAINE-EO13662] [RUSSIA-EO14024,-0- ,UAAA2,Crude Oil Tanker,-0- ,-0- ,Russia,-0- ,"Secondary sanctions risk: See Section 11 of Executive Order 14024.; alt. Secondary sanctions risk: Ukraine-/Russia-Related Sanctions Regulations, 31 CFR 589.201 and/or 589.209; Vessel Registration Identification IMO 9885879; MMSI 273259920; Linked To: JOINT STOCK COMPANY ROSNEFTEFLOT."
51905,VLADIMIR MONOMAKH,vessel,UKRAINE-EO13662] [RUSSIA-EO14024,-0- ,UBUT6,Crude Oil Tanker,-0- ,-0- ,Russia,-0- ,"Secondary sanctions risk: See Section 11 of Executive Order 14024.; alt. Secondary sanctions risk: Ukraine-/Russia-Related Sanctions Regulations, 31 CFR 589.201 and/or 589.209; Vessel Registration Identification IMO 9842176; MMSI 273211040; Linked To: JOINT STOCK COMPANY ROSNEFTEFLOT."
51908,MERU,vessel,UKRAINE-EO13662] [RUSSIA-EO14024,-0- ,9LS2036,Crude Oil Tanker,-0- ,-0- ,Sierra Leone,-0- ,"Secondary sanctions risk: See Section 11 of Executive Order 14024.; alt. Secondary sanctions risk: Ukraine-/Russia-Related Sanctions Regulations, 31 CFR 589.201 and/or 589.209; Vessel Registration Identification IMO 9187227; MMSI 667002333; Linked To: HARMONY GROVE CORPORATION."
51910,VLADIMIR VINOGRADOV,vessel,UKRAINE-EO13662] [RUSSIA-EO14024,-0- ,UBTV8,Crude Oil Tanker,-0- ,-0- ,Russia,-0- ,"Secondary sanctions risk: See Section 11 of Executive Order 14024.; alt. Secondary sanctions risk: Ukraine-/Russia-Related Sanctions Regulations, 31 CFR 589.201 and/or 589.209; Vessel Registration Identification IMO 9842188; MMSI 273295230; Linked To: JOINT STOCK COMPANY ROSNEFTEFLOT."
51918,YARD NO.131040 ZVEZDA-DSME,vessel,UKRAINE-EO13662] [RUSSIA-EO14024,-0- ,-0- ,Crew/Supply Vessel,-0- ,-0- ,Russia,-0- ,"Secondary sanctions risk: See Section 11 of Executive Order 14024.; alt. Secondary sanctions risk: Ukraine-/Russia-Related Sanctions Regulations, 31 CFR 589.201 and/or 589.209; Vessel Registration Identification IMO 9842205; Linked To: JOINT STOCK COMPANY ROSNEFTEFLOT."
51920,YARD NO.131080 ZVEZDA-DSME,vessel,UKRAINE-EO13662] [RUSSIA-EO14024,-0- ,-0- ,Crude Oil Tanker,-0- ,-0- ,Russia,-0- ,"Secondary sanctions risk: See Section 11 of Executive Order 14024.; alt. Secondary sanctions risk: Ukraine-/Russia-Related Sanctions Regulations, 31 CFR 589.201 and/or 589.209; Vessel Registration Identification IMO 9908994; Linked To: JOINT STOCK COMPANY ROSNEFTEFLOT."
51924,MUM,vessel,UKRAINE-EO13662] [RUSSIA-EO14024,-0- ,V2YP5,Crude Oil Tanker,-0- ,-0- ,Antigua and Barbuda,-0- ,"Secondary sanctions risk: See Section 11 of Executive Order 14024.; alt. Secondary sanctions risk: Ukraine-/Russia-Related Sanctions Regulations, 31 CFR 589.201 and/or 589.209; Vessel Registration Identification IMO 9315446; MMSI 305026000; Linked To: AQUAQUASAR HOLDING LIMITED."
51931,FEDOR USHAKOV,vessel,UKRAINE-EO13662] [RUSSIA-EO14024,-0- ,UBAQ3,Supply Vessel,-0- ,-0- ,Russia,-0- ,"Secondary sanctions risk: See Section 11 of Executive Order 14024.; alt. Secondary sanctions risk: Ukraine-/Russia-Related Sanctions Regulations, 31 CFR 589.201 and/or 589.209; Vessel Registration Identification IMO 9753739; MMSI 273396260; Linked To: JOINT STOCK COMPANY SOVCOMFLOT."
51934,VITUS BERING,vessel,UKRAINE-EO13662] [RUSSIA-EO14024,-0- ,UBGJ9,Supply Vessel,-0- ,-0- ,Russia,-0- ,"Secondary sanctions risk: See Section 11 of Executive Order 14024.; alt. Secondary sanctions risk: Ukraine-/Russia-Related Sanctions Regulations, 31 CFR 589.201 and/or 589.209; Vessel Registration Identification IMO 9613549; MMSI 273358680; Linked To: JOINT STOCK COMPANY SOVCOMFLOT."
52310,ALISSA,vessel,UKRAINE-EO13662] [RUSSIA-EO14024,-0- ,TRAP2,Crude Oil Tanker,-0- ,-0- ,Gabon,-0- ,"Secondary sanctions risk: See Section 11 of Executive Order 14024.; alt. Secondary sanctions risk: Ukraine-/Russia-Related Sanctions Regulations, 31 CFR 589.201 and/or 589.209; Vessel Registration Identification IMO 9273052; MMSI 626248000; Linked To: DOXA SHIPPING LINE INC."
52313,ARJUN,vessel,UKRAINE-EO13662] [RUSSIA-EO14024,-0- ,3E5088,Crude Oil Tanker,-0- ,-0- ,Panama,-0- ,"Secondary sanctions risk: See Section 11 of Executive Order 14024.; alt. Secondary sanctions risk: Ukraine-/Russia-Related Sanctions Regulations, 31 CFR 589.201 and/or 589.209; Vessel Registration Identification IMO 9297357; MMSI 352002801; Linked To: KANGEN MARITIME CORPORATION."
52315,AULIS,vessel,UKRAINE-EO13662] [RUSSIA-EO14024,-0- ,3E5853,Crude Oil Tanker,-0- ,-0- ,Panama,-0- ,"Secondary sanctions risk: See Section 11 of Executive Order 14024.; alt. Secondary sanctions risk: Ukraine-/Russia-Related Sanctions Regulations, 31 CFR 589.201 and/or 589.209; Vessel Registration Identification IMO 9233765; MMSI 352003752; Linked To: NOBLEFU COMPANY LIMITED."
52319,CANGJIE,vessel,UKRAINE-EO13662] [RUSSIA-EO14024,-0- ,E5U5064,Crude Oil Tanker,-0- ,-0- ,Cook Islands,-0- ,"Secondary sanctions risk: See Section 11 of Executive Order 14024.; alt. Secondary sanctions risk: Ukraine-/Russia-Related Sanctions Regulations, 31 CFR 589.201 and/or 589.209; Vessel Registration Identification IMO 9299680; MMSI 518999083; Linked To: KUPA LINES INCORPORATED."
52334,SHUN TAI,vessel,UKRAINE-EO13662] [RUSSIA-EO14024,-0- ,5LIC9,Crude Oil Tanker,-0- ,-0- ,Liberia,-0- ,"Secondary sanctions risk: See Section 11 of Executive Order 14024.; alt. Secondary sanctions risk: Ukraine-/Russia-Related Sanctions Regulations, 31 CFR 589.201 and/or 589.209; Vessel Registration Identification IMO 9242223; MMSI 636022303; Linked To: SYMI SHIPPING LIMITED."
52337,KAPAL CANTIK,vessel,UKRAINE-EO13662] [RUSSIA-EO14024,-0- ,E5U4767,Crude Oil Tanker,-0- ,-0- ,Cook Islands,-0- ,"Secondary sanctions risk: See Section 11 of Executive Order 14024.; alt. Secondary sanctions risk: Ukraine-/Russia-Related Sanctions Regulations, 31 CFR 589.201 and/or 589.209; Vessel Registration Identification IMO 9224283; MMSI 518998787; Linked To: WORTHALIANCE LIMITED."
52339,MERCURY,vessel,UKRAINE-EO13662] [RUSSIA-EO14024,-0- ,TRAX8,Crude Oil Tanker,-0- ,-0- ,Gabon,-0- ,"Secondary sanctions risk: See Section 11 of Executive Order 14024.; alt. Secondary sanctions risk: Ukraine-/Russia-Related Sanctions Regulations, 31 CFR 589.201 and/or 589.209; Vessel Registration Identification IMO 9321706; MMSI 626315000; Linked To: GESSI MARITIME CORPORATION."
52341,MOTI,vessel,UKRAINE-EO13662] [RUSSIA-EO14024,-0- ,J2JZ,Crude Oil Tanker,-0- ,-0- ,Djibouti,-0- ,"Secondary sanctions risk: See Section 11 of Executive Order 14024.; alt. Secondary sanctions risk: Ukraine-/Russia-Related Sanctions Regulations, 31 CFR 589.201 and/or 589.209; Vessel Registration Identification IMO 9281011; MMSI 621819067; Linked To: WAVECREST MARITIME LIMITED."
52343,NANDA DEVI,vessel,UKRAINE-EO13662] [RUSSIA-EO14024,-0- ,TRAT3,Crude Oil Tanker,-0- ,-0- ,Gabon,-0- ,"Secondary sanctions risk: See Section 11 of Executive Order 14024.; alt. Secondary sanctions risk: Ukraine-/Russia-Related Sanctions Regulations, 31 CFR 589.201 and/or 589.209; Vessel Registration Identification IMO 9274434; MMSI 626279000; Linked To: TAGABO MARITIME CORPORATION."
52345,NEVE,vessel,UKRAINE-EO13662] [RUSSIA-EO14024,-0- ,3E6083,Crude Oil Tanker,-0- ,-0- ,Panama,-0- ,"Secondary sanctions risk: See Section 11 of Executive Order 14024.; alt. Secondary sanctions risk: Ukraine-/Russia-Related Sanctions Regulations, 31 CFR 589.201 and/or 589.209; Vessel Registration Identification IMO 9224465; MMSI 352003222; Linked To: TRIDENT INFINITY LIMITED."
52347,PING AN,vessel,UKRAINE-EO13662] [RUSSIA-EO14024,-0- ,3E4672,Crude Oil Tanker,-0- ,-0- ,Panama,-0- ,"Secondary sanctions risk: See Section 11 of Executive Order 14024.; alt. Secondary sanctions risk: Ukraine-/Russia-Related Sanctions Regulations, 31 CFR 589.201 and/or 589.209; Vessel Registration Identification IMO 9378632; MMSI 352002898; Linked To: CHENG SHIPPING AND TRADER LIMITED."
52379,MISTRAL 1,vessel,UKRAINE-EO13662] [RUSSIA-EO14024,-0- ,T7AV4,Crude Oil Tanker,-0- ,-0- ,San Marino,-0- ,"Secondary sanctions risk: See Section 11 of Executive Order 14024.; alt. Secondary sanctions risk: Ukraine-/Russia-Related Sanctions Regulations, 31 CFR 589.201 and/or 589.209; Vessel Registration Identification IMO 9257993; MMSI 268249200; Linked To: ODINE MARINE INCORPORATED."
